,NTAName,total_foreign_born,Europe::Northern Europe,Europe::Western Europe,Europe::Southern Europe,Europe::Eastern Europe,Asia::Eastern Asia,Asia::South Central Asia,Asia::South Eastern Asia,Asia::Western Asia,Africa::Eastern Africa,Africa::Middle Africa,Africa::Northern Africa,Africa::Southern Africa,Africa::Western Africa,Oceania,Americas::Latin America,Americas::Latin America::Central America,Americas::Latin America::South America,Americas::Northern America,total_tract_pop,foreign_born_pct,total_foreign_born_pct,Europe::Northern Europe_pct,Europe::Western Europe_pct,Europe::Southern Europe_pct,Europe::Eastern Europe_pct,Asia::Eastern Asia_pct,Asia::South Central Asia_pct,Asia::South Eastern Asia_pct,Asia::Western Asia_pct,Africa::Eastern Africa_pct,Africa::Middle Africa_pct,Africa::Northern Africa_pct,Africa::Southern Africa_pct,Africa::Western Africa_pct,Oceania_pct,Americas::Latin America_pct,Americas::Latin America::Central America_pct,Americas::Latin America::South America_pct,Americas::Northern America_pct,foreign_born_pct_pct
0,Allerton,12389,41,54,194,1517,113,473,588,193,116,13,141,0,938,0,7991,1717,842,0,33558,36.91817152392872,36.91817152392872,0.1221765301865427,0.16091543000178796,0.5781035818582753,4.52053161690208,0.3367304368555933,1.4094999702008462,1.7521902377972465,0.5751236664878717,0.34567018296680374,0.03873889981524525,0.42016806722689076,0.0,2.7951606174384644,0.0,23.812503724894214,5.116514690982776,2.5090887418797303,0.0,0.11001302677134729
1,Alley Pond Park,29,0,0,2,0,0,0,0,20,0,0,0,0,0,0,7,4,2,0,97,29.896907216494846,29.896907216494846,0.0,0.0,2.0618556701030926,0.0,0.0,0.0,0.0,20.618556701030926,0.0,0.0,0.0,0.0,0.0,0.0,7.216494845360824,4.123711340206185,2.0618556701030926,0.0,30.82155383143799
2,Annadale-Huguenot-Prince's Bay-Woodrow,7424,26,108,1322,2426,763,895,106,502,0,0,461,0,63,0,645,137,343,94,42360,17.525967894239848,17.525967894239848,0.06137865911237016,0.254957507082153,3.120868744098206,5.7271010387157695,1.8012275731822476,2.1128423040604343,0.2502360717658168,1.1850802644003777,0.0,0.0,1.0882908404154863,0.0,0.14872521246458925,0.0,1.5226628895184136,0.32341831916902736,0.8097261567516525,0.2219074598677998,0.041373861884418904
3,Arden Heights-Rossville,6576,79,0,624,1735,1747,441,136,468,0,0,586,0,0,0,760,158,307,0,31491,20.88215680670668,20.88215680670668,0.25086532660125116,0.0,1.9815185291035535,5.509510653837604,5.547616779397288,1.4004001143183766,0.43186942300974884,1.4861388968276652,0.0,0.0,1.8608491314978886,0.0,0.0,0.0,2.413387952113302,0.5017306532025023,0.9748817122352418,0.0,0.06631150743611405
4,Astoria (Central),17574,431,330,1617,3240,1769,2116,1136,223,35,0,146,55,0,68,6177,1815,3483,128,47901,36.688169349282894,36.688169349282894,0.8997724473393041,0.6889208993549195,3.3757124068391056,6.763950648211938,3.6930335483601597,4.4174443122273015,2.3715580050520866,0.4655435168368092,0.07306736811340056,0.0,0.30479530698732804,0.11482014989248658,0.0,0.1419594580488925,12.895346652470721,3.7890649464520574,7.271246946827832,0.2672178033861506,0.07659165643573808
5,Astoria (East)-Woodside (North),15383,255,172,1595,2285,1396,1729,1158,313,7,0,452,0,16,9,5913,1672,3490,69,37591,40.9220292091192,40.9220292091192,0.6783538612965869,0.45755632997259976,4.243036897129633,6.078582639461573,3.713654864196217,4.599505200712937,3.080524593652736,0.8326461121013009,0.018621478545396506,0.0,1.2024154717884599,0.0,0.04256337953233486,0.023941900986938363,15.729828948418504,4.447873161128993,9.284137160490543,0.18355457423319413,0.10886124127881462
6,Astoria (North)-Ditmars-Steinway,15576,429,197,3321,1760,759,1503,852,521,0,0,1805,76,12,25,4221,927,2749,64,48941,31.82607629594818,31.82607629594818,0.8765656606934881,0.4025254898755644,6.785721583130708,3.5961668131014894,1.5508469381500174,3.071044727324738,1.7408716617968574,1.064547107741975,0.0,0.0,3.68811426002738,0.15528902147483706,0.024519319180237427,0.051081914958827974,8.624670521648516,1.8941174066733413,5.616967368872724,0.13076970229459964,0.06502947691291183
7,Astoria Park,0,0,0,0,0,0,0,0,0,0,0,0,0,0,0,0,0,0,0,0,,,,,,,,,,,,,,,,,,,,,
8,Auburndale,15638,148,77,1281,579,8915,763,926,265,7,0,118,16,16,11,2473,467,1610,43,34698,45.068880050723386,45.068880050723386,0.4265375525966914,0.22191480776990027,3.691855438353796,1.6686840740100295,25.693123522969625,2.198974004265376,2.6687417142198395,0.7637327799873191,0.020174073433627298,0.0,0.3400772378811459,0.04611216784829097,0.04611216784829097,0.031702115395700045,7.127211943051473,1.3458988990719927,4.6400368897342785,0.12392645109228198,0.12988898510209057
9,Baisley Park,18829,120,43,0,21,207,907,35,72,16,0,28,0,615,0,16618,851,6776,0,43103,43.68373431083683,43.68373431083683,0.27840289539011204,0.09976103751479015,0.0,0.04872050669326961,0.4802449945479433,2.104261884323597,0.08120084448878268,0.16704173723406723,0.03712038605201494,0.0,0.06496067559102614,0.0,1.4268148388743245,0.0,38.55416096327402,1.9743405331415447,15.720483493028329,0.0,0.10134731761324463
10,Barren Island-Floyd Bennett Field,4,0,0,0,0,0,0,0,0,0,0,0,0,0,0,4,4,0,0,13,30.76923076923077,30.76923076923077,0.0,0.0,0.0,0.0,0.0,0.0,0.0,0.0,0.0,0.0,0.0,0.0,0.0,0.0,30.76923076923077,30.76923076923077,0.0,0.0,236.68639053254438
11,Bath Beach,15758,35,66,684,2971,5789,2252,336,761,0,1,605,47,63,7,1978,908,623,109,30826,51.11918510348408,51.11918510348408,0.11354051774476093,0.21410497631869202,2.218906118211899,9.637967949133849,18.779601634983457,7.305521313177188,1.0899889703497048,2.468695257250373,0.0,0.0032440147927074547,1.9626289495880103,0.15246869525725038,0.20437293194056966,0.022708103548952183,6.416661259975346,2.945565431778369,2.021021215856744,0.35359761240511256,0.1658313926668529
12,Bay Ridge,28560,576,316,1245,4995,4934,1627,1173,4264,46,68,2585,30,106,91,6298,2314,2100,92,84021,33.99150212446888,33.99150212446888,0.6855428999892884,0.37609645207745684,1.4817724140393473,5.94494233584461,5.8723414384499115,1.9364206567405766,1.3960795515406863,5.074921745754038,0.0547482177074779,0.0809321479154021,3.0766117994310944,0.03570535937444211,0.12615893645636211,0.10830625676914105,7.495745111341212,2.754073386415301,2.499375156210947,0.1094964354149558,0.04045595996770912
13,Bay Terrace-Clearview,7519,43,96,901,367,4087,364,162,29,24,0,110,0,0,0,1305,303,672,31,23405,32.1256141850032,32.1256141850032,0.1837214270455031,0.41016876735740226,3.849604785302286,1.5680410168767356,17.46208075197607,1.555223242896817,0.6921597949156163,0.1239051484725486,0.10254219183935057,0.0,0.4699850459303568,0.0,0.0,0.0,5.575731681264687,1.294595171971801,2.871181371501816,0.13245033112582782,0.137259620529815
14,Bayside,14868,160,106,1095,353,9738,580,650,258,10,0,57,0,73,29,1711,337,1070,40,35364,42.042755344418055,42.042755344418055,0.45243750706933605,0.29973984843343515,3.0963691890057685,0.9981902499717227,27.536477774007466,1.6400859631263431,1.8380273724691778,0.7295554801493044,0.028277344191833503,0.0,0.16118086189345096,0.0,0.20642461260038458,0.08200429815631716,4.8382535912227125,0.952946499264789,3.0256758285261847,0.11310937676733401,0.11888574636471569
15,Bedford Park,22915,27,11,107,829,343,919,537,104,335,0,38,0,1447,20,18066,2904,1631,38,52222,43.87997395733599,43.87997395733599,0.05170234766956455,0.021063919420933705,0.20489448891271878,1.5874535636321856,0.6568113055800238,1.7597947225307342,1.0283022480946729,0.1991497836161005,0.6414920914557083,0.0,0.07276626709049826,0.0,2.7708628547355523,0.038298035310788556,34.594615296235304,5.560874727126499,3.123204779594807,0.07276626709049826,0.0840258396027268
16,Bedford-Stuyvesant (East),19349,632,465,230,954,977,770,143,305,109,58,129,112,806,133,12830,2145,2659,478,92525,20.912185895703864,20.912185895703864,0.6830586328019455,0.5025668738178871,0.2485814644690624,1.0310726830586328,1.055930829505539,0.8322075114833828,0.15455282356119968,0.3296406376654958,0.11780599837881653,0.06268576060524184,0.13942177789786545,0.12104836530667387,0.8711159146176709,0.14374493380167525,13.866522561469875,2.3182923534179953,2.873817887057552,0.5166171305052689,0.02260165997914495
17,Bedford-Stuyvesant (West),16032,645,616,199,400,1576,832,294,493,89,0,106,36,636,242,9505,1384,2477,363,87758,18.268419973107868,18.268419973107868,0.7349757287084938,0.7019303083479569,0.22675995350851208,0.45579890152464736,1.7958476720071104,0.9480617151712665,0.33501219262061577,0.5617721461291278,0.10141525558923403,0.0,0.12078670890403154,0.04102190113721826,0.7247202534241892,0.2757583354224116,10.830921397479432,1.5770641992752799,2.8225346976913785,0.41363750313361747,0.020816814390833733
18,Bellerose,13251,68,10,101,177,1664,5937,1417,80,0,0,18,18,103,24,3568,644,1907,60,27333,48.47985951048184,48.47985951048184,0.24878352175026525,0.03658581202209783,0.3695167014231881,0.6475688727911316,6.087879120477079,21.72099659751948,5.184209563531263,0.29268649617678266,0.0,0.0,0.0658544616397761,0.0658544616397761,0.37683386382760764,0.08780594885303479,13.053817729484507,2.3561262942231003,6.976914352614057,0.21951487213258697,0.17736750269082002
19,Belmont,11805,5,32,31,203,138,215,93,178,34,0,0,27,1188,7,9546,2758,1311,52,36644,32.215369501146164,32.215369501146164,0.013644798602772623,0.08732671105774478,0.08459775133719026,0.5539788232725684,0.37659644143652443,0.5867263399192229,0.25379325401157077,0.4857548302587054,0.09278463049885384,0.0,0.0,0.07368191245497216,3.2420041480187756,0.01910271804388167,26.05064949241349,7.526470909289379,3.577666193646982,0.14190590546883528,0.08791444575140858
20,Bensonhurst,54477,54,234,3187,10256,21592,4801,1453,2212,29,0,1800,0,65,0,8650,5978,1772,106,96111,56.68133720385804,56.68133720385804,0.0561850360520648,0.24346848955894748,3.315957590702417,10.670994995369936,22.465690711781168,4.995265890480798,1.5117936552527806,2.301505550873469,0.030173445287219988,0.0,1.8728345350688267,0.0,0.06763013598859652,0.0,9.000010404636306,6.219891583689692,1.8437015534122005,0.110289144842942,0.05897486989403715
21,Borough Park,15506,373,788,214,3414,1977,2086,109,1637,11,0,205,0,32,14,4222,2156,1519,424,88660,17.489284908639746,17.489284908639746,0.4207083239341304,0.8887886307241146,0.24137153169411235,3.8506654635686894,2.229866907286262,2.3528084818407398,0.12294157455447778,1.8463794270245883,0.012406947890818858,0.0,0.2312203925107151,0.0,0.03609293931874577,0.015790660951951273,4.76201218136702,2.431761786600496,1.7132867132867133,0.47823144597338146,0.019726240591743452
22,Breezy Point-Belle Harbor-Rockaway Park-Broad Channel,3073,312,108,310,651,272,134,69,307,0,0,99,0,7,8,739,210,343,57,25331,12.131380521890174,12.131380521890174,1.2316923927203822,0.4263550590185938,1.2237969286644823,2.569973550195413,1.0737831116023844,0.5289960917452924,0.27239350992854605,1.2119537325806324,0.0,0.0,0.3908254707670443,0.0,0.0276341241956496,0.03158185622359955,2.9173739686550078,0.829023725869488,1.3540720855868305,0.22502072559314676,0.04789143942951393
23,Brighton Beach,21065,26,5,29,12110,548,4188,164,2145,0,0,30,0,0,0,1807,1278,373,13,29628,71.09828540569731,71.09828540569731,0.08775482651545835,0.016875928176049684,0.09788038342108817,40.87349804239233,1.8496017280950454,14.135277440259214,0.5535304441744296,7.239773187525314,0.0,0.0,0.1012555690562981,0.0,0.0,0.0,6.098960442824356,4.313487241798299,1.2589442419333063,0.043877413257729175,0.23996991158936584
24,Bronx Park,1,0,0,0,0,0,0,0,0,0,0,0,1,0,0,0,0,0,0,26,3.8461538461538463,3.8461538461538463,0.0,0.0,0.0,0.0,0.0,0.0,0.0,0.0,0.0,0.0,0.0,3.8461538461538463,0.0,0.0,0.0,0.0,0.0,0.0,14.792899408284024
25,Brooklyn Heights,3789,525,293,76,614,796,148,149,107,11,0,0,86,14,156,508,136,214,251,24936,15.194898941289702,15.194898941289702,2.1053897978825793,1.1750080205325633,0.3047802374077639,2.4623034969521975,3.1921719602181584,0.5935194096888033,0.5975296759704845,0.42909849213987805,0.04411292909849214,0.0,0.0,0.3448829002245749,0.056143727943535456,0.6256015399422521,2.0372152710940004,0.5453962143086302,0.8581969842797561,1.006576836701957,0.060935590877806
26,Brooklyn Navy Yard,0,0,0,0,0,0,0,0,0,0,0,0,0,0,0,0,0,0,0,0,,,,,,,,,,,,,,,,,,,,,
27,Brownsville,16211,0,0,27,36,294,630,76,177,15,83,382,0,457,1,13980,1687,2329,25,57650,28.119687771032094,28.119687771032094,0.0,0.0,0.04683434518647008,0.06244579358196011,0.5099739809193409,1.092801387684302,0.13183000867302688,0.3070251517779705,0.026019080659150044,0.14397224631396358,0.6626192541196878,0.0,0.792714657415438,0.0017346053772766695,24.249783174327842,2.9262792714657415,4.0398959236773635,0.04336513443191674,0.04877656161497328
28,Bushwick (East),19518,123,114,115,410,1158,597,236,244,218,0,133,11,296,7,15534,3223,3706,236,59808,32.63443017656501,32.63443017656501,0.2056581059390048,0.1906099518459069,0.19228196896736224,0.6855270197966827,1.936195826645265,0.9981942215088283,0.3945960406634564,0.407972177635099,0.3644997324772606,0.0,0.22237827715355804,0.01839218833600856,0.49491706795077584,0.011704119850187267,25.973113964687002,5.388911182450508,6.19649545211343,0.3945960406634564,0.05456532600415498
29,Bushwick (West),15552,452,301,642,880,1733,386,311,85,18,39,116,27,113,8,10305,3060,4021,115,52167,29.811950083386048,29.811950083386048,0.86644813771158,0.5769931182548355,1.2306630628558284,1.6868901796154658,3.322023501447275,0.7399313742404202,0.5961623248413748,0.16293825598558476,0.03450457185577089,0.0747599056875036,0.22236279640385684,0.05175685778365634,0.216612034427895,0.015335365269231509,19.753867387428834,5.865777215481051,7.707937968447485,0.22044587574520288,0.05714714298960271
30,Calvary & Mount Zion Cemeteries,0,0,0,0,0,0,0,0,0,0,0,0,0,0,0,0,0,0,0,0,,,,,,,,,,,,,,,,,,,,,
31,Calvert Vaux Park,0,0,0,0,0,0,0,0,0,0,0,0,0,0,0,0,0,0,0,0,,,,,,,,,,,,,,,,,,,,,
32,Cambria Heights,8091,56,0,15,22,87,83,98,0,14,6,37,0,323,0,7263,253,1108,87,19976,40.50360432519023,40.50360432519023,0.2803364036844213,0.0,0.07509010812975571,0.11013215859030838,0.43552262715258305,0.41549859831798164,0.4905887064477372,0.0,0.07008410092110533,0.030036043251902282,0.1852222667200641,0.0,1.6169403283940726,0.0,36.35863035642771,1.2665198237885462,5.5466559871846215,0.43552262715258305,0.20276133522822504
33,Canarsie,37061,285,75,190,236,835,227,329,328,130,0,55,0,1379,18,32874,1044,3637,100,82938,44.685186524874005,44.685186524874005,0.3436301815814223,0.09042899515300586,0.2290867877209482,0.28454990474812514,1.0067761460367985,0.2736984253297644,0.3966818587378524,0.39547613880247895,0.15674359159854348,0.0,0.06631459644553764,0.0,1.6626877908799342,0.021702958836721405,39.63683715546553,1.2587716125298416,4.3852034049530975,0.12057199353734113,0.053877820208919916
34,Canarsie Park & Pier,0,0,0,0,0,0,0,0,0,0,0,0,0,0,0,0,0,0,0,0,,,,,,,,,,,,,,,,,,,,,
35,Carroll Gardens-Cobble Hill-Gowanus-Red Hook,11683,1030,837,520,801,1254,484,228,539,196,12,118,167,25,169,4723,1108,1304,435,62409,18.720056402121486,18.720056402121486,1.6504029867487062,1.3411527183579293,0.83321315835857,1.2834687304715666,2.0093255780416284,0.7755291704722075,0.3653319232802961,0.8636574852985947,0.3140572673813072,0.01922799596212085,0.18907529362752168,0.26758961047284846,0.040058324921085096,0.27079427646653526,7.567818744091396,1.7753849605024918,2.0894422278837985,0.6970148536268808,0.029995764075888873
36,Castle Hill-Unionport,12186,0,0,104,8,151,3445,89,105,0,0,11,0,555,0,7709,1355,1795,0,36636,33.2623648869964,33.2623648869964,0.0,0.0,0.2838737853477454,0.021836445026749647,0.4121628998798995,9.403319139644067,0.24293045092258983,0.2866033409760891,0.0,0.0,0.03002511191178076,0.0,1.5149033737307567,0.0,21.04214433890163,3.698547876405721,4.899552352876952,0.0,0.09079147528932308
37,Central Park,0,0,0,0,0,0,0,0,0,0,0,0,0,0,0,0,0,0,0,0,,,,,,,,,,,,,,,,,,,,,
38,Chelsea-Hudson Yards,15773,1480,991,238,751,3352,1281,1026,733,195,0,329,0,180,363,4044,495,1904,810,61878,25.490481269595012,25.490481269595012,2.391803225702188,1.6015385112641005,0.3846278160250816,1.2136785287177996,5.417111089563334,2.0702026568408805,1.658101425385436,1.184589030026827,0.3151362358188694,0.0,0.531691392740554,0.0,0.2908949869097256,0.5866382236012799,6.5354407059051685,0.7999612140017454,3.077022528200653,1.309027441093765,0.041194740084674705
39,Chinatown-Two Bridges,18679,176,112,104,226,14879,283,1119,122,33,35,0,0,95,29,1391,183,466,75,38769,48.18024710464546,48.18024710464546,0.4539709561763265,0.2888906084758441,0.26825556501328385,0.5829399778173283,38.37860145992932,0.7299646624880703,2.886326704325621,0.31468441280404447,0.08511955428306121,0.09027831514870129,0.0,0.0,0.24504114111790348,0.07480203255178106,3.5879181820526713,0.4720266192060667,1.2019912816941372,0.19345353246150274,0.12427518663015671
40,Claremont Park,0,0,0,0,0,0,0,0,0,0,0,0,0,0,0,0,0,0,0,0,,,,,,,,,,,,,,,,,,,,,
41,Claremont Village-Claremont (East),4886,30,0,0,12,0,0,0,89,25,0,0,0,1172,0,3372,319,85,0,22891,21.344633261980693,21.344633261980693,0.1310558734873968,0.0,0.0,0.05242234939495872,0.0,0.0,0.0,0.3887990913459438,0.10921322790616399,0.0,0.0,0.0,5.1199161242409685,0.0,14.730680179983398,1.3935607880826526,0.37132497488095756,0.0,0.09324465188056744
42,Clinton Hill,5826,440,391,133,384,914,337,102,111,55,85,40,55,155,215,2213,594,458,189,28275,20.604774535809018,20.604774535809018,1.5561450044208665,1.382847038019452,0.47038019451812557,1.3580901856763927,3.2325375773651635,1.1918656056587091,0.36074270557029176,0.3925729442970822,0.1945181255526083,0.3006189213085765,0.14146772767462423,0.1945181255526083,0.5481874447391689,0.7603890362511052,7.826702033598585,2.1007957559681696,1.6198054818744474,0.6684350132625995,0.07287276582072155
43,Co-op City,9544,48,220,0,502,35,158,228,10,27,0,0,0,1278,8,6718,261,444,0,36615,26.065820019117847,26.065820019117847,0.13109381401065137,0.6008466475488188,0.0,1.3710228048613957,0.09558923938276663,0.4315171377850608,0.622695616550594,0.027311211252219036,0.0737402703809914,0.0,0.0,0.0,3.490372798033593,0.02184896900177523,18.34767171924075,0.7128226136829169,1.2126177795985251,0.0,0.07118891170044475
44,College Point,16259,38,21,923,363,6464,1132,489,260,0,0,63,0,0,0,6295,1196,3365,168,30880,52.652202072538856,52.652202072538856,0.12305699481865286,0.06800518134715026,2.9889896373056994,1.175518134715026,20.932642487046632,3.6658031088082903,1.5835492227979273,0.8419689119170984,0.0,0.0,0.20401554404145078,0.0,0.0,0.0,20.385362694300518,3.873056994818653,10.8970207253886,0.5440414507772021,0.1705058357271336
45,Concourse-Concourse Village,24477,50,53,10,526,188,441,108,280,31,131,133,32,4532,0,17447,3087,2404,243,66808,36.637827805053284,36.637827805053284,0.07484133636690217,0.0793318165489163,0.014968267273380433,0.7873308585798109,0.28140342473955215,0.6601005867560772,0.1616572865525087,0.4191114836546521,0.04640162854747934,0.19608430128128365,0.19907795473595977,0.047898455274817384,6.783618728296012,0.0,26.115135911866844,4.62070410729254,3.598371452520656,0.3637288947431445,0.05484047989021268
46,Coney Island-Sea Gate,25903,68,58,103,14950,2005,2050,178,1713,22,24,298,0,1016,0,3268,1579,719,109,52480,49.3578506097561,49.3578506097561,0.12957317073170732,0.11051829268292682,0.19626524390243902,28.487042682926827,3.820503048780488,3.90625,0.3391768292682927,3.264100609756097,0.041920731707317076,0.04573170731707318,0.5678353658536586,0.0,1.9359756097560976,0.0,6.227134146341464,3.008765243902439,1.3700457317073171,0.20769817073170732,0.09405078241188282
47,Corona,40255,2,125,344,267,4119,2772,963,198,55,0,90,0,1482,0,29811,8963,13282,27,67362,59.75921142483893,59.75921142483893,0.002969032985956474,0.18556456162227963,0.5106736735845135,0.39636590362518925,6.114723434577358,4.1150797185356724,1.4295893827380421,0.29393426560969094,0.08164840711380304,0.0,0.13360648436804134,0.0,2.200053442593747,0.0,44.25492117217422,13.305721326563939,19.717348059736945,0.0400819453104124,0.08871353496754689
48,Crotona Park,0,0,0,0,0,0,0,0,0,0,0,0,0,0,0,0,0,0,0,0,,,,,,,,,,,,,,,,,,,,,
49,Crotona Park East,9653,0,0,45,21,54,335,18,0,0,0,0,0,1715,0,7337,1348,544,30,29055,33.22319738427121,33.22319738427121,0.0,0.0,0.15487867836861124,0.07227671657201859,0.1858544140423335,1.152985716744106,0.061951471347444505,0.0,0.0,0.0,0.0,0.0,5.902598520048184,0.0,25.252108070900015,4.639476854241955,1.8723111340561003,0.10325245224574084,0.11434588671234283
50,Crown Heights (North),24054,714,699,99,586,951,747,120,756,173,76,251,70,857,109,17433,1529,2567,343,86121,27.930469920228518,27.930469920228518,0.8290660814435503,0.8116487267913749,0.11495454070435782,0.6804379884116534,1.1042602849479222,0.8673842616783364,0.13933883721740342,0.8778346744696415,0.2008801569884233,0.08824793023768883,0.2914504011797355,0.08128098837681866,0.9951115291276227,0.12656611047247476,20.242449576758283,1.775409017545082,2.9806899594756215,0.3982768430464114,0.03243166001350253
51,Crown Heights (South),17976,343,283,230,674,118,132,98,660,34,0,24,0,681,69,14329,1180,1343,271,52273,34.38869014596445,34.38869014596445,0.6561704895452719,0.5413884797122798,0.43999770435980334,1.2893845771239456,0.22573795267155128,0.2525204216325828,0.18747728272722056,1.262602108162914,0.06504313890536223,0.0,0.04591280393319687,0.0,1.3027758116044612,0.131999311307941,27.411856981615745,2.257379526715513,2.569203986761808,0.5184320777456813,0.06578671617463021
52,Cunningham Park,0,0,0,0,0,0,0,0,0,0,0,0,0,0,0,0,0,0,0,0,,,,,,,,,,,,,,,,,,,,,
53,Cypress Hills,18594,18,147,139,39,435,254,56,242,14,0,0,0,184,0,17022,1866,5893,0,41071,45.272820238124226,45.272820238124226,0.04382654427698376,0.35791677826203405,0.33843831413893016,0.09495751260013148,1.0591414866937743,0.6184412359085486,0.13634924886172725,0.5892235397238927,0.03408731221543181,0.0,0.0,0.0,0.44800467483138956,0.0,41.445302037934304,4.5433517567139825,14.348323634681407,0.0,0.11023062559500432
54,Douglaston-Little Neck,9404,94,102,516,451,5453,686,490,107,0,0,89,0,35,0,1363,421,625,18,25574,36.77172127942441,36.77172127942441,0.3675608039415031,0.39884257448971605,2.0176742003597403,1.7635098146555097,21.322436849925705,2.682411824509267,1.916008446078048,0.41839368108234926,0.0,0.0,0.34800969734886994,0.0,0.13685774614843202,0.0,5.329631657151794,1.6462031750997106,2.443888324079143,0.07038398373347932,0.1437855684657246
55,Downtown Brooklyn-DUMBO-Boerum Hill,10120,802,502,219,860,2982,645,446,367,79,0,93,84,0,228,2417,356,989,378,40031,25.280407684044864,25.280407684044864,2.0034473283205516,1.2540281282006445,0.5470760160875322,2.1483350403437336,7.449226849191875,1.6112512802578003,1.1141365441782618,0.9167894881466863,0.19734705603157554,0.0,0.2323199520371712,0.209837376033574,0.0,0.5695585920911294,6.037820688966051,0.8893107841422897,2.4705852963952935,0.9442681921510829,0.06315207635094018
56,Dyker Beach Park,0,0,0,0,0,0,0,0,0,0,0,0,0,0,0,0,0,0,0,0,,,,,,,,,,,,,,,,,,,,,
57,Dyker Heights,18808,111,21,1557,1123,10093,679,902,645,1,15,1185,0,90,0,2242,1073,1007,62,40173,46.81751425086501,46.81751425086501,0.27630498095735945,0.052273915316257184,3.8757374355910685,2.79540985238842,25.123839394618276,1.6901899285589823,2.24528912453638,1.6055559704278992,0.0024892340626789136,0.03733851094018371,2.9497423642745124,0.0,0.22403106564110226,0.0,5.580862768526124,2.6709481492544747,2.506658701117666,0.15433251188609265,0.11653975120320866
58,East Elmhurst,14865,38,12,63,38,819,1426,419,19,5,0,197,0,205,0,11609,2301,5379,8,27782,53.50586710819955,53.50586710819955,0.13677920956014686,0.04319343459794111,0.22676553163919083,0.13677920956014686,2.947951911309481,5.132819811388669,1.5081707580447772,0.06838960478007343,0.017997264415808796,0.0,0.7090922179828666,0.0,0.7378878410481607,0.0,41.78604852062486,8.282341084155208,19.361457058527105,0.02879562306529408,0.19259184762867881
59,East Flatbush-Erasmus,20217,182,51,66,358,295,206,158,313,7,30,24,0,578,11,17892,822,2091,46,45910,44.03615769984753,44.03615769984753,0.39642779350903945,0.11108690917011545,0.14375952951426704,0.7797865388804182,0.6425615334349816,0.4487039860596819,0.34415160095839686,0.6817686778479634,0.015247222827270748,0.0653452406883032,0.05227619255064256,0.0,1.2589849705946417,0.023959921585711173,38.97190154650403,1.7904595948595077,4.554563275974733,0.10019603572206492,0.09591844412948711
60,East Flatbush-Farragut,17710,104,23,14,18,111,248,18,58,20,11,0,0,520,0,16538,639,3392,15,34395,51.490042157290304,51.490042157290304,0.302369530455008,0.06687018461985754,0.04070359063817415,0.05233318796336677,0.32272132577409507,0.7210350341619421,0.05233318796336677,0.16862916121529292,0.05814798662596307,0.031981392644279696,0.0,0.0,1.51184765227504,0.0,48.082570141008866,1.8578281726995203,9.861898531763337,0.04361098996947231,0.14970211413661957
61,East Flatbush-Remsen Village,17306,166,79,12,33,42,99,0,39,0,0,459,16,557,0,15782,231,2881,22,39044,44.32435201311341,44.32435201311341,0.42516135641839975,0.20233582624731072,0.030734555885667453,0.0845200286855855,0.10757094559983608,0.2535600860567565,0.0,0.09988730662841923,0.0,0.0,1.17559676262678,0.040979407847556604,1.4265956356930642,0.0,40.42106341563365,0.5916402007990985,7.3788546255506615,0.05634668579039033,0.11352410617025256
62,East Flatbush-Rugby,19384,75,41,158,19,103,213,76,238,27,16,103,0,434,0,17779,795,2261,22,37809,51.26821656219419,51.26821656219419,0.1983654685392367,0.10843978946811605,0.41788992038932526,0.050252585363273296,0.2724219101272184,0.5633579306514322,0.20101034145309318,0.6294797534978444,0.07141156867412521,0.042317966621703826,0.2724219101272184,0.0,1.1478748446137161,0.0,47.02319553545452,2.102673966515909,5.980057658229522,0.058187204104842766,0.13559791732707605
63,East Flushing,19891,41,80,233,544,13203,841,1028,69,1,0,0,15,115,0,3679,996,1999,0,30054,66.18420177014707,66.18420177014707,0.13642110867105878,0.26618752911426097,0.7752711785452852,1.8100751979769747,43.93092433619485,2.798296399813669,3.4205097491182537,0.22958674386105013,0.0033273441139282625,0.0,0.0,0.049910161708923935,0.38264457310175015,0.0,12.241298995142078,3.3140347374725496,6.651360883742596,0.0,0.22021761419493935
64,East Harlem (North),13851,92,421,133,597,1155,985,566,192,388,0,23,17,690,30,8170,2902,873,130,63526,21.8036709378837,21.8036709378837,0.1448225923244026,0.6627207757453641,0.20936309542549505,0.9397726914963952,1.8181531971161415,1.550546233038441,0.8909737745175204,0.30223845354657936,0.6107735415420458,0.0,0.03620564808110065,0.026760696407770047,1.0861694424330195,0.04722475836665302,12.86087586185184,4.56820829266757,1.374240468469603,0.20464061958882976,0.03432243638491909
65,East Harlem (South),16147,238,305,202,614,4588,766,627,223,205,0,209,0,539,139,7065,1485,1723,148,58607,27.551316395652396,27.551316395652396,0.40609483508795874,0.5204156500076783,0.3446687255788558,1.0476564232941457,7.828416400771239,1.3070111078881361,1.0698380739502107,0.3805006227924992,0.3497875680379477,0.0,0.3566126913167369,0.0,0.9196853618168478,0.2371730339379255,12.054873991161465,2.5338270172504993,2.939921852338458,0.25252956131520127,0.04701028272331359
66,East Midtown-Turtle Bay,10490,1203,480,421,1655,2139,1153,350,357,12,0,52,42,124,43,1912,300,822,547,41969,24.994638900140583,24.994638900140583,2.8664013915032522,1.1437013033429435,1.0031213514737067,3.943386785484524,5.096618933021992,2.7472658390716957,0.8339488670208963,0.8506278443613143,0.028592532583573593,0.0,0.12390097452881889,0.10007386404250758,0.2954561700302604,0.1024565750911387,4.555743524982725,0.7148133145893397,1.958588481974791,1.3033429436012294,0.05955500226391046
67,East New York (North),14348,44,63,8,65,37,1574,92,0,279,0,46,0,1034,0,11070,902,3499,7,43029,33.34495340351856,33.34495340351856,0.10225661762997049,0.14641288433382138,0.01859211229635827,0.15106091240791095,0.085988519370657,3.657998094308489,0.21380929140812013,0.0,0.6483999163354947,0.0,0.10690464570406007,0.0,2.4030305143043065,0.0,25.726835390085757,2.096260661414395,8.131725115619698,0.01626809825931349,0.07749413977438137
68,East New York-City Line,19050,22,28,87,9,611,5506,77,251,0,0,43,0,1716,0,10632,1355,3273,0,49317,38.62765375022811,38.62765375022811,0.044609363911024595,0.05677555406857676,0.17640975728450636,0.018249285236328246,1.2389236977107285,11.164507167913701,0.15613277368858608,0.5089522882575988,0.0,0.0,0.08719102946245716,0.0,3.4795303850599186,0.0,21.55848895918243,2.7475312772471967,6.636656730944705,0.0,0.07832523014422635
69,East New York-New Lots,16504,67,0,31,33,120,576,96,0,0,256,0,67,902,0,14234,749,3073,62,51572,32.001861475219116,32.001861475219116,0.12991545800046536,0.0,0.06011013728379741,0.06398821065694563,0.23268440238889318,1.1168851314666872,0.18614752191111456,0.0,0.0,0.49639339176297215,0.0,0.12991545800046536,1.749011091289847,0.0,27.60024819669588,1.4523384782440083,5.958659737842241,0.12022027456759482,0.06205278343911254
70,East Village,16642,1304,1009,698,808,5558,577,657,262,13,0,118,82,107,927,3951,440,1289,481,68412,24.32614161258259,24.32614161258259,1.9060983453195346,1.4748874466467872,1.0202888382155177,1.1810793428053559,8.124305677366545,0.8434192831666959,0.9603578319593054,0.3829737472957961,0.019002514178799043,0.0,0.17248435946909899,0.11986201251242472,0.1564053090101152,1.3550254341343624,5.775302578495001,0.6431620183593522,1.8841723674209203,0.7030930246155644,0.03555829622373646
71,East Williamsburg,12642,464,533,847,1112,2537,750,288,288,7,0,40,47,102,208,5250,902,2023,169,51706,24.449773720651375,24.449773720651375,0.8973813483928365,1.0308281437357367,1.6381077631222682,2.1506208177000734,4.9065872432599695,1.4505086450315243,0.5569953196921054,0.5569953196921054,0.013538080686960894,0.0,0.07736046106834797,0.09089854175530887,0.19726917572428734,0.40227439755540945,10.15356051522067,1.7444783970912467,3.9125053185316983,0.32684794801377015,0.047286144201159196
72,Eastchester-Edenwald-Baychester,19337,262,0,43,77,4,265,113,0,25,219,16,0,2749,0,15461,799,1126,35,53147,36.383991570549604,36.383991570549604,0.4929723220501628,0.0,0.08090767117617176,0.14488117861779592,0.0075262949931322555,0.49861704329501194,0.21261783355598624,0.0,0.047039343707076596,0.412064650873991,0.030105179972529022,0.0,5.172446234030143,0.0,29.091011722204453,1.5033774248781682,2.11865204056673,0.06585508118990724,0.06845916339689842
73,Elmhurst,66452,171,209,225,822,12751,12321,10914,292,215,0,215,0,48,23,28136,8141,16559,59,101254,65.62901218717285,65.62901218717285,0.1688822169988346,0.2064115985541312,0.2222134434195192,0.8118197799593102,12.593082742410179,12.168408161652874,10.778833428802812,0.2883836687933316,0.2123372903786517,0.0,0.2123372903786517,0.0,0.0474055345961641,0.0227151519939953,27.787544195784857,8.040176190570248,16.353921820372527,0.05826930294111838,0.06481621682814787
74,Far Rockaway-Bayswater,21896,93,122,31,1257,418,996,465,313,10,0,87,0,1127,10,16767,5070,3690,90,62772,34.88179443063786,34.88179443063786,0.14815522844580387,0.1943541706493341,0.04938507614860129,2.0024851844771554,0.6659019945198497,1.5866947046453834,0.7407761422290193,0.49862996240361945,0.015930669725355253,0.0,0.1385968266105907,0.0,1.7953864780475373,0.015930669725355253,26.710953928503155,8.076849550755114,5.878417128656089,0.14337602752819728,0.0555690346502228
75,Ferry Point Park-St. Raymond Cemetery,0,0,0,0,0,0,0,0,0,0,0,0,0,0,0,0,0,0,0,0,,,,,,,,,,,,,,,,,,,,,
76,Financial District-Battery Park City,12720,860,890,603,1226,4194,1054,635,571,70,0,5,49,136,299,1552,402,797,576,48608,26.16853192890059,26.16853192890059,1.7692560895325873,1.8309743252139565,1.2405365371955235,2.522218564845293,8.62820934825543,2.1683673469387754,1.3063693219223174,1.1747037524687294,0.14400921658986177,0.0,0.010286372613561554,0.10080645161290322,0.27978933508887427,0.615125082290981,3.1928900592495064,0.827024358130349,1.6396477946017114,1.184990125082291,0.05383585403411083
77,Flatbush,29040,289,215,122,499,362,1306,315,445,25,27,74,0,1227,141,23542,4053,2497,154,68167,42.60125867355172,42.60125867355172,0.4239588070473983,0.3154018806754001,0.17897222996464565,0.732025760265231,0.531048747927883,1.9158830519166166,0.46210042982674904,0.6528085437235025,0.03667463728783722,0.0396086082708642,0.10855692637199818,0.0,1.799991198087051,0.2068449543034019,34.535772441210554,5.9456921971041705,3.663062772309182,0.2259157656930773,0.06249542839431355
78,Flatbush (West)-Ditmas Park-Parkville,16449,306,351,153,2133,1045,4638,318,792,8,0,129,0,244,32,6232,1640,1329,56,40527,40.587756310607745,40.587756310607745,0.7550521874306019,0.866089273817455,0.37752609371530094,5.263157894736842,2.5785278949835915,11.444222370271671,0.7846620771337626,1.9542527204086164,0.019739926468773906,0.0,0.3183063143089792,0.0,0.6020677572976041,0.07895970587509563,15.37740271917487,4.04668492609865,3.2792952846250647,0.13817948528141732,0.10014991563798885
79,Flatlands,26952,199,89,56,646,791,1250,433,514,31,85,195,59,422,6,21993,1308,3518,65,65280,41.28676470588235,41.28676470588235,0.30484068627450983,0.13633578431372548,0.0857843137254902,0.9895833333333333,1.211703431372549,1.9148284313725492,0.663296568627451,0.7873774509803921,0.047487745098039214,0.13020833333333331,0.29871323529411764,0.09037990196078431,0.6464460784313725,0.009191176470588236,33.690257352941174,2.0036764705882355,5.3890931372549025,0.09957107843137254,0.06324565671856977
80,Flushing Meadows-Corona Park,0,0,0,0,0,0,0,0,0,0,0,0,0,0,0,0,0,0,0,0,,,,,,,,,,,,,,,,,,,,,
81,Flushing-Willets Point,43568,155,42,41,728,31230,3591,2263,180,0,0,0,0,47,21,5175,836,3128,25,59755,72.91105346832902,72.91105346832902,0.259392519454439,0.0702870052715254,0.06861350514601289,1.2183080913731068,52.26340891975567,6.009538950715421,3.787130784034809,0.30123002259225173,0.0,0.0,0.0,0.0,0.07865450589908794,0.0351435026357627,8.660363149527237,1.399046104928458,5.23470839260313,0.04183750313781273,0.12201665713049789
82,Fordham Heights,15398,0,0,23,13,50,116,76,0,0,0,52,0,1346,0,13459,3541,722,0,32647,47.16513002726131,47.16513002726131,0.0,0.0,0.07045057738842773,0.039819891567372194,0.15315342910527768,0.3553159555242442,0.23279321224002206,0.0,0.0,0.0,0.15927956626948878,0.0,4.122890311514075,0.0,41.225840046558645,10.846325849235765,2.2115355162802093,0.0,0.14447002795742736
83,Forest Hills,41229,313,839,772,7369,10411,7705,2241,2174,155,2,596,0,131,114,7614,1271,4920,413,91631,44.99459789809126,44.99459789809126,0.3415874540275671,0.9156289901889098,0.8425096310200697,8.042038174853488,11.361875347862622,8.408726304416628,2.4456788641398655,2.3725595049710253,0.16915672643537666,0.002182667437875828,0.6504348964869968,0.0,0.14296471718086673,0.1244120439589222,8.309414935993278,1.3870851567700888,5.369361897174537,0.4507208259213585,0.04910412185623998
84,Forest Park,0,0,0,0,0,0,0,0,0,0,0,0,0,0,0,0,0,0,0,0,,,,,,,,,,,,,,,,,,,,,
85,Fort Greene,6826,594,471,111,353,1490,324,186,220,64,12,18,34,359,26,2360,465,755,204,32395,21.07115295570304,21.07115295570304,1.833616298811545,1.4539280753202655,0.34264546997993517,1.0896743324587128,4.599475227658589,1.0001543448062973,0.5741626794258373,0.6791171477079796,0.19756135206050315,0.03704275351134434,0.055564130267016516,0.1049544682821423,1.108195709214385,0.08025929927457941,7.285074857231054,1.4354066985645932,2.330606575088748,0.6297268096928538,0.06504446042816188
86,Fort Hamilton,59,0,0,0,0,15,16,0,0,0,0,0,0,0,0,0,0,0,4,859,6.868451688009314,6.868451688009314,0.0,0.0,0.0,0.0,1.7462165308498252,1.8626309662398137,0.0,0.0,0.0,0.0,0.0,0.0,0.0,0.0,0.0,0.0,0.0,0.46565774155995343,0.7995869252630168
87,Fort Totten,0,0,0,0,0,0,0,0,0,0,0,0,0,0,0,0,0,0,0,0,,,,,,,,,,,,,,,,,,,,,
88,Fort Wadsworth,56,0,0,0,1,2,0,0,0,0,0,0,0,0,0,53,21,13,0,465,12.043010752688172,12.043010752688172,0.0,0.0,0.0,0.21505376344086022,0.43010752688172044,0.0,0.0,0.0,0.0,0.0,0.0,0.0,0.0,0.0,11.397849462365592,4.516129032258064,2.795698924731183,0.0,2.589894785524338
89,Fresh Meadows-Utopia,9998,15,37,123,365,6150,1375,413,265,18,0,164,0,63,0,967,80,540,43,20815,48.03266874849868,48.03266874849868,0.0720634158059092,0.17775642565457603,0.5909200096084555,1.7535431179437906,29.546000480422773,6.605813115541677,1.9841460485226998,1.2731203459043958,0.08647609896709105,0.0,0.7878933461446072,0.0,0.30266634638481865,0.0,4.645688205620947,0.3843382176315157,2.594282969012731,0.2065817919769397,0.2307598786860374
90,Freshkills Park (North),0,0,0,0,0,0,0,0,0,0,0,0,0,0,0,0,0,0,0,0,,,,,,,,,,,,,,,,,,,,,
91,Freshkills Park (South),14,0,0,0,9,0,0,0,0,0,0,0,5,0,0,0,0,0,0,43,32.55813953488372,32.55813953488372,0.0,0.0,0.0,20.930232558139537,0.0,0.0,0.0,0.0,0.0,0.0,0.0,11.627906976744185,0.0,0.0,0.0,0.0,0.0,0.0,75.71660356949704
92,Glen Oaks-Floral Park-New Hyde Park,10150,63,131,161,233,1233,5897,717,125,8,0,16,0,37,0,1402,147,774,65,22858,44.40458482806895,44.40458482806895,0.27561466445008315,0.5731035086184267,0.7043485869279902,1.0193367748709423,5.3941727185230555,25.798407559716512,3.136757371598565,0.5468544929565141,0.0349986875492169,0.0,0.0699973750984338,0.0,0.1618689299151282,0.0,6.133519993000262,0.6431008837168606,3.3861230203867354,0.28436433633738734,0.1942627737687853
93,Glendale,11764,113,286,858,3236,269,349,125,149,8,0,285,0,0,68,5911,605,3229,82,36140,32.551189817376866,32.551189817376866,0.3126729385722192,0.7913669064748201,2.3741007194244603,8.954067515218595,0.744327614831212,0.9656889872717211,0.34587714443829554,0.4122855561704482,0.02213613724405091,0.0,0.7885998893193138,0.0,0.0,0.18815716657443277,16.355838406198117,1.6740453790813503,8.93469839513005,0.22689540675152187,0.09006970065682586
94,Gramercy,4056,128,530,341,375,917,510,233,192,5,0,0,0,145,42,329,154,160,309,26523,15.292387738943559,15.292387738943559,0.4826000075406251,1.9982656562229009,1.2856765825886967,1.4138672095916751,3.45737661652151,1.9228594050446781,0.8784828262262943,0.7239000113109376,0.01885156279455567,0.0,0.0,0.0,0.5466953210421144,0.1583531274742676,1.240432831881763,0.5806281340723146,0.6032500094257814,1.1650265807035405,0.057657081547877534
95,Grasmere-Arrochar-South Beach-Dongan Hills,13173,68,50,537,4558,3564,1300,459,525,0,0,382,0,159,0,1189,413,520,79,36672,35.9211387434555,35.9211387434555,0.18542757417102967,0.13634380453752182,1.4643324607329844,12.429101221640488,9.718586387434556,3.5449389179755673,1.2516361256544504,1.4316099476439792,0.0,0.0,1.0416666666666665,0.0,0.4335732984293194,0.0,3.2422556719022686,1.1261998254799301,1.4179755671902268,0.21542321116928445,0.09795249439205798
96,Gravesend (East)-Homecrest,24009,33,125,467,8250,2488,3650,419,4414,48,0,749,8,12,0,3235,1744,820,76,51220,46.87426786411558,46.87426786411558,0.06442795782897305,0.24404529480671613,0.9117532213978914,16.106989457243266,4.857477547832878,7.126122608356111,0.8180398281921124,8.61772745021476,0.093713393205779,0.0,1.462319406481843,0.015618898867629833,0.02342834830144475,0.0,6.3158922295978135,3.404919953143303,1.6009371339320577,0.14837953924248343,0.09151555615797653
97,Gravesend (South),14526,10,5,477,5184,2835,2334,455,1371,53,0,190,0,89,0,1433,685,425,15,28037,51.81010807147698,51.81010807147698,0.035667154117772944,0.017833577058886472,1.7013232514177694,18.489852694653493,10.111638192388629,8.324713771088204,1.6228555123586688,4.889966829546671,0.1890359168241966,0.0,0.677675928237686,0.0,0.3174376716481792,0.0,5.111103185076863,2.4432000570674464,1.5158540500053501,0.05350073117665941,0.18479191094438416
98,Gravesend (West),30070,38,157,749,6296,12744,3662,1044,1256,22,0,548,21,6,0,3390,2101,625,52,55817,53.87247612734471,53.87247612734471,0.0680796173208879,0.281276313667879,1.3418850887722378,11.279717648745006,22.831753766773563,6.560725227081356,1.8703979074475519,2.250210509343032,0.03941451529104036,0.0,0.9817797445222782,0.03762294641417489,0.010749413261192827,0.0,6.073418492573947,3.7640862102943546,1.1197305480409194,0.0931615815970045,0.09651625154942887
99,Great Kills Park,0,0,0,0,0,0,0,0,0,0,0,0,0,0,0,0,0,0,0,0,,,,,,,,,,,,,,,,,,,,,
100,Great Kills-Eltingville,11489,141,41,840,4690,2191,583,217,194,0,0,1105,0,0,0,1337,423,509,95,57572,19.95588133120267,19.95588133120267,0.24491072048912665,0.07121517404293755,1.4590425901479886,8.146321128326269,3.8056694226360035,1.0126450357812824,0.3769193357882304,0.3369693601056069,0.0,0.0,1.9193357882303899,0.0,0.0,0.0,2.3223094559855486,0.73473216146738,0.8841103314111026,0.16501076912387969,0.03466247712638552
101,Green-Wood Cemetery,0,0,0,0,0,0,0,0,0,0,0,0,0,0,0,0,0,0,0,0,,,,,,,,,,,,,,,,,,,,,
102,Greenpoint,10397,638,586,236,4148,735,343,191,340,148,0,31,94,0,376,2208,818,921,323,39227,26.5047033930711,26.5047033930711,1.6264307747214928,1.4938690187880797,0.6016264307747216,10.574349300226885,1.873709434828052,0.874397736253091,0.4869095266015754,0.8667499426415479,0.3772911515027914,0.0,0.07902720065261172,0.2396308664950162,0.0,0.9585234659800648,5.6287760980957,2.085298391414077,2.347872638743722,0.8234124455094706,0.0675675004284577
103,Greenwich Village,6532,586,551,239,735,1759,483,567,166,7,0,71,26,19,55,793,194,483,420,31517,20.72532284164102,20.72532284164102,1.8593140210045371,1.7482628422755973,0.7583209061776185,2.332074753307739,5.5811149538344385,1.5325062664593712,1.7990290954088268,0.526699876257258,0.02221023574578799,0.0,0.22527524827870676,0.08249516134149824,0.060284925595710255,0.17450899514547705,2.516102420915696,0.6155408192404099,1.5325062664593712,1.3326141447472792,0.06575918660291595
104,Hamilton Heights-Sugar Hill,20167,176,318,173,350,343,733,243,410,173,149,54,140,387,36,16058,1550,2161,357,52530,38.3913953931087,38.3913953931087,0.3350466400152294,0.6053683609366076,0.3293356177422425,0.6662859318484675,0.6529602132114982,1.3953931086997906,0.46259280411193604,0.7805063773082048,0.3293356177422425,0.2836474395583476,0.10279840091376355,0.266514372739387,0.7367218732153056,0.06853226727584237,30.569198553207688,2.9506948410432132,4.113839710641538,0.6796116504854369,0.0730847047270297
105,Harlem (North),19864,178,845,164,387,1176,638,242,67,300,30,321,157,2891,0,11243,2137,1445,274,86090,23.073527703566036,23.073527703566036,0.20676036705773027,0.9815309559763039,0.19049831571611103,0.4495295620861889,1.3660123126960158,0.7410849111395051,0.28110117319084676,0.07782553142060634,0.34847252874898366,0.034847252874898364,0.3728656057614125,0.18236729004530144,3.358113602044372,0.0,13.059588802416075,2.4822859797885934,1.6784760134742713,0.31827157625740504,0.026801635153404616
106,Harlem (South),12416,326,781,388,464,565,568,639,273,408,96,125,10,1819,240,4755,624,771,362,48803,25.441058951293975,25.441058951293975,0.6679917218203799,1.6003114562629348,0.7950330922279367,0.9507612236952647,1.1577157141978978,1.1638628772821342,1.309345736942401,0.5593918406655328,0.8360141794561811,0.196709218695572,0.256131795176526,0.020490543614122083,3.7272298834088073,0.49177304673892996,9.743253488515052,1.278609921521218,1.5798209126488125,0.7417576788312193,0.05213011280309402
107,Hart Island,0,0,0,0,0,0,0,0,0,0,0,0,0,0,0,0,0,0,0,0,,,,,,,,,,,,,,,,,,,,,
108,Hell's Kitchen,17346,762,947,882,1579,3039,2064,830,767,37,35,120,0,237,204,5177,988,2140,534,55221,31.41196284022383,31.41196284022383,1.379909816917477,1.7149272921533474,1.5972184495029067,2.8594194237699426,5.503341120226001,3.7377084804693865,1.5030513753825536,1.3889643432752032,0.06700349504717408,0.0633816845040836,0.21730863258542943,0.0,0.4291845493562232,0.36942467539523005,9.375056590789736,1.7891744082867027,3.8753372811068254,0.9670234150051612,0.056884089096944694
109,Highbridge,9814,175,8,1,206,65,121,0,0,3,15,0,0,1360,0,7755,869,215,23,31667,30.99125272365554,30.99125272365554,0.552625761834086,0.025262891969558214,0.0031578614961947768,0.650519468216124,0.20526099725266053,0.382101241039568,0.0,0.0,0.00947358448858433,0.04736792244292166,0.0,0.0,4.294691634824897,0.0,24.489215902990495,2.744181640193261,0.6789402216818771,0.07263081441247987,0.09786608369487333
110,Highbridge Park,0,0,0,0,0,0,0,0,0,0,0,0,0,0,0,0,0,0,0,0,,,,,,,,,,,,,,,,,,,,,
111,Highland Park-Cypress Hills Cemeteries (North),0,0,0,0,0,0,0,0,0,0,0,0,0,0,0,0,0,0,0,12,0.0,0.0,0.0,0.0,0.0,0.0,0.0,0.0,0.0,0.0,0.0,0.0,0.0,0.0,0.0,0.0,0.0,0.0,0.0,0.0,0.0
112,Highland Park-Cypress Hills Cemeteries (South),0,0,0,0,0,0,0,0,0,0,0,0,0,0,0,0,0,0,0,0,,,,,,,,,,,,,,,,,,,,,
113,Hoffman & Swinburne Islands,0,0,0,0,0,0,0,0,0,0,0,0,0,0,0,0,0,0,0,0,,,,,,,,,,,,,,,,,,,,,
114,Hollis,11287,55,39,9,12,170,2328,608,45,84,0,16,6,231,0,7670,359,3431,14,22737,49.641553415138326,49.641553415138326,0.24189646831156267,0.17152658662092624,0.039583058450982984,0.0527774112679773,0.7476799929630119,10.238817785987598,2.6740555042441834,0.19791529225491492,0.3694418788758412,0.0,0.0703698816906364,0.02638870563398865,1.0159651669085632,0.0,33.73356203544883,1.5789242204336542,15.089941505035846,0.06157364647930686,0.21832939004766821
115,Holy Cross Cemetery,15,0,0,0,0,0,0,0,0,0,0,0,0,0,0,15,0,0,0,22,68.18181818181817,68.18181818181817,0.0,0.0,0.0,0.0,0.0,0.0,0.0,0.0,0.0,0.0,0.0,0.0,0.0,0.0,68.18181818181817,0.0,0.0,0.0,309.9173553719008
116,Howard Beach-Lindenwood,6184,105,146,1644,725,151,71,396,141,0,0,32,0,111,0,2604,170,1571,14,31090,19.89064007719524,19.89064007719524,0.3377291733676423,0.4696043743969122,5.287873914441943,2.3319395303956254,0.48568671598584756,0.22836925056288196,1.2737214538436796,0.45352203280797687,0.0,0.0,0.10292698616918623,0.0,0.35702798327436475,0.0,8.37568349951753,0.5467996140238018,5.053071727243487,0.045030556449018974,0.06397761362880425
117,Hunts Point,3818,0,0,0,20,9,14,9,0,0,0,0,0,367,0,3376,1291,686,0,14181,26.923348141879984,26.923348141879984,0.0,0.0,0.0,0.14103377758973276,0.06346519991537973,0.09872364431281291,0.06346519991537973,0.0,0.0,0.0,0.0,0.0,2.5879698187715956,0.0,23.806501657146885,9.103730343417249,4.837458571327833,0.0,0.1898550746906423
118,Hutchinson Metro Center,49,0,0,0,6,16,0,0,0,0,0,0,0,0,0,27,0,20,0,480,10.208333333333334,10.208333333333334,0.0,0.0,0.0,1.25,3.3333333333333335,0.0,0.0,0.0,0.0,0.0,0.0,0.0,0.0,0.0,5.625,0.0,4.166666666666666,0.0,2.126736111111111
119,Inwood,15757,267,95,216,346,400,282,143,82,0,0,43,0,68,2,13725,1289,1020,88,38209,41.23897511057604,41.23897511057604,0.698788243607527,0.24863252113376427,0.5653118375251903,0.9055458138134994,1.046873773194797,0.738046010102332,0.3742573739171399,0.21460912350493339,0.0,0.0,0.1125389306184407,0.0,0.1779685414431155,0.005234368865973985,35.92085634274647,3.3735507341202333,2.6695281216467324,0.23031223010285534,0.10793000369173765
120,Inwood Hill Park,0,0,0,0,0,0,0,0,0,0,0,0,0,0,0,0,0,0,0,14,0.0,0.0,0.0,0.0,0.0,0.0,0.0,0.0,0.0,0.0,0.0,0.0,0.0,0.0,0.0,0.0,0.0,0.0,0.0,0.0,0.0
121,Jackson Heights,56171,409,229,827,3058,4263,8391,2665,669,34,39,632,348,154,37,33808,8884,20944,447,94474,59.45657006160425,59.45657006160425,0.4329233439888223,0.24239473294239686,0.875373118529966,3.236869403222051,4.51235260494951,8.881808751614201,2.820881935770688,0.708131337722548,0.035988737642102586,0.04128119906005885,0.6689671232296717,0.3683553146897559,0.1630078116730529,0.03916421449287635,35.78550712365307,9.403645447424688,22.169062387535195,0.47314605076529,0.06293432061901079
122,Jacob Riis Park-Fort Tilden-Breezy Point Tip,4,0,4,0,0,0,0,0,0,0,0,0,0,0,0,0,0,0,0,8,50.0,50.0,0.0,50.0,0.0,0.0,0.0,0.0,0.0,0.0,0.0,0.0,0.0,0.0,0.0,0.0,0.0,0.0,0.0,0.0,625.0
123,Jamaica,33632,34,28,487,139,1125,10657,1358,200,190,0,137,0,615,0,18599,5935,7610,26,57355,58.63830529160492,58.63830529160492,0.05927992328480516,0.048818760352192486,0.8490977246970621,0.24235027460552697,1.9614680498648767,18.580768895475547,2.3677098770813356,0.3487054310870892,0.3312701595327347,0.0,0.2388632202946561,0.0,1.0722692005927994,0.0,32.427861563943864,10.347833667509372,13.268241652863743,0.04533170604132159,0.10223747762462719
124,Jamaica Bay (East),0,0,0,0,0,0,0,0,0,0,0,0,0,0,0,0,0,0,0,0,,,,,,,,,,,,,,,,,,,,,
125,Jamaica Bay (West),0,0,0,0,0,0,0,0,0,0,0,0,0,0,0,0,0,0,0,0,,,,,,,,,,,,,,,,,,,,,
126,Jamaica Estates-Holliswood,13193,57,167,122,385,614,3796,1135,275,79,23,281,0,231,0,6011,692,2043,17,24527,53.7897011456762,53.7897011456762,0.23239695029966975,0.680882292983243,0.49741101643087204,1.5696986993925064,2.503363640070127,15.476821462062219,4.627553308598687,1.1212133567089329,0.3220940188363844,0.09377420801565621,1.1456761935825823,0.0,0.9418192196355037,0.0,24.507685407917805,2.82138051942757,8.329595955477636,0.06931137114200676,0.21930811410150527
127,Jamaica Hills-Briarwood,21660,118,42,359,1826,1914,7460,1802,287,19,22,222,0,592,6,6908,1258,3620,52,38325,56.51663405088062,56.51663405088062,0.3078930202217874,0.1095890410958904,0.9367253750815395,4.764514024787998,4.99412915851272,19.465101108936725,4.701891715590346,0.7488584474885844,0.04957599478147423,0.057403783431180695,0.579256360078278,0.0,1.5446836268754076,0.015655577299412915,18.02478799739074,3.2824527071102416,9.44553163731246,0.13568166992824526,0.1474667555143656
128,John F. Kennedy International Airport,0,0,0,0,0,0,0,0,0,0,0,0,0,0,0,0,0,0,0,0,,,,,,,,,,,,,,,,,,,,,
129,Kensington,14330,457,261,115,2262,896,5243,226,911,79,49,177,8,39,224,3250,1172,1344,133,37992,37.718467045693835,37.718467045693835,1.202884817856391,0.6869867340492736,0.30269530427458413,5.953885028427037,2.3583912402611076,13.800273741840389,0.594862076226574,2.397873236470836,0.20793851337123606,0.12897452095177933,0.4658875552747947,0.02105706464518846,0.10265319014529375,0.5895978100652769,8.554432512107812,3.0848599705201094,3.5375868603916616,0.3500736997262581,0.09928002486232321
130,Kew Gardens,9162,114,227,168,1861,617,1764,529,247,15,0,267,0,103,0,3194,573,2080,37,24425,37.510747185261,37.510747185261,0.4667349027635619,0.9293756397134084,0.6878198567041965,7.619242579324463,2.526100307062436,7.222108495394064,2.1658137154554757,1.0112589559877176,0.061412487205731836,0.0,1.0931422722620265,0.0,0.4216990788126919,0.0,13.076765609007165,2.345957011258956,8.515864892528148,0.15148413510747186,0.15357521877281885
131,Kew Gardens Hills,13593,12,205,152,1779,4023,1961,718,515,41,0,260,0,243,0,3640,586,1772,14,35473,38.3192850900685,38.3192850900685,0.033828545654441405,0.5779043215967073,0.42849491162292447,5.0150818932709385,11.341019930651482,5.528148169029967,2.0240746483240772,1.451808417669777,0.11558086431934148,0.0,0.7329518225128971,0.0,0.6850280495024385,0.0,10.261325515180559,1.6519606461252219,4.995348574972514,0.039466636596848306,0.10802380709291151
132,Kingsbridge Heights-Van Cortlandt Village,13482,242,63,325,544,207,63,133,55,414,0,104,0,503,0,10723,1509,1045,28,34393,39.199837176169574,39.199837176169574,0.7036315529322827,0.18317680923443724,0.9449597301776524,1.5817172098973629,0.6018666589131509,0.18317680923443724,0.38670659727270085,0.15991626203006426,1.2037333178263019,0.0,0.3023871136568488,0.0,1.4625069054749513,0.0,31.177855959061436,4.387520716424854,3.038408978571221,0.08141191521530544,0.11397620788000341
133,Kingsbridge-Marble Hill,8261,102,52,157,566,295,168,57,58,0,27,29,0,19,0,6694,998,621,37,24166,34.18439129355292,34.18439129355292,0.4220806091202516,0.21517834974757924,0.6496730944301912,2.342133576098651,1.220723330298767,0.695191591492179,0.23586857568484645,0.2400066208722999,0.0,0.11172722006124307,0.12000331043614995,0.0,0.0786228585616155,0.0,27.700074484813374,4.12976909707854,2.569726061408591,0.15310767193577754,0.14145655587831218
134,Kissena Park,0,0,0,0,0,0,0,0,0,0,0,0,0,0,0,0,0,0,0,0,,,,,,,,,,,,,,,,,,,,,
135,LaGuardia Airport,0,0,0,0,0,0,0,0,0,0,0,0,0,0,0,0,0,0,0,0,,,,,,,,,,,,,,,,,,,,,
136,Laurelton,10677,84,15,6,5,52,206,22,21,0,8,0,0,559,0,9662,277,1356,3,27310,39.09556938850238,39.09556938850238,0.30757964115708536,0.054924935920908094,0.02196997436836324,0.01830831197363603,0.19040644452581473,0.7543024533138045,0.08055657268399855,0.07689491028927134,0.0,0.02929329915781765,0.0,0.0,2.0468692786525082,0.0,35.378982057854266,1.014280483339436,4.965214207250092,0.01098498718418162,0.1431547762303273
137,Lincoln Terrace Park,0,0,0,0,0,0,0,0,0,0,0,0,0,0,0,0,0,0,0,0,,,,,,,,,,,,,,,,,,,,,
138,Long Island City-Hunters Point,10897,703,520,375,790,4092,1070,615,444,40,0,39,0,132,81,1529,323,814,345,28430,38.329229686950406,38.329229686950406,2.4727400633134016,1.8290538163911363,1.3190291945128385,2.77875483644038,14.393246570524093,3.7636299683432997,2.1632078790010554,1.5617305663032008,0.14069644741470277,0.0,0.13717903622933522,0.0,0.4642982764685191,0.28491030601477313,5.378121702427014,1.136123812873725,2.8631727048892013,1.2135068589518117,0.13481966122740205
139,Longwood,10852,0,0,1,16,145,47,0,4,0,0,0,0,886,0,9664,2052,1122,0,40945,26.503846623519355,26.503846623519355,0.0,0.0,0.002442300647209672,0.03907681035535475,0.3541335938454024,0.11478813041885455,0.0,0.009769202588838687,0.0,0.0,0.0,0.0,2.163878373427769,0.0,23.602393454634267,5.011600928074246,2.7402613261692514,0.0,0.06473036176216719
140,Lower East Side,13941,338,258,66,735,6096,533,714,338,0,0,113,44,28,247,4044,451,327,323,46107,30.236189732578566,30.236189732578566,0.7330774069013382,0.5595679614809032,0.14314529247185895,1.5941180298002473,13.221419741037153,1.1560066801136486,1.5485718003773832,0.7330774069013382,0.0,0.0,0.24508209165636455,0.09543019498123928,0.06072830589715228,0.5357104127355933,8.770902466002992,0.9781594985577027,0.7092198581560284,0.7005443858850066,0.0655783064015845
141,Madison,19341,108,166,140,6372,5015,2220,636,2445,0,0,341,4,13,80,1575,604,461,143,39842,48.544249786657296,48.544249786657296,0.27107072938105514,0.4166457507153255,0.35138798253099746,15.993173033482256,12.587219517092516,5.572009437277245,1.5963054063551025,6.136740123487776,0.0,0.0,0.8558807288790724,0.010039656643742784,0.032628884092164044,0.20079313287485567,3.9531148034737216,1.5159881532051604,1.1570704281913557,0.35891772501380453,0.12184189997153079
142,Manhattanville-West Harlem,6774,67,16,55,152,266,151,65,271,75,0,38,8,687,38,4870,450,235,10,22260,30.431266846361186,30.431266846361186,0.3009883198562444,0.07187780772686433,0.24707996406109614,0.6828391734052112,1.1949685534591197,0.6783468104222822,0.2920035938903864,1.2174303683737646,0.3369272237196766,0.0,0.1707097933513028,0.03593890386343217,3.0862533692722374,0.1707097933513028,21.877807726864333,2.0215633423180592,1.05570530098832,0.04492362982929021,0.13670829670422815
143,Mapleton-Midwood (West),10417,217,298,479,2600,1601,1815,58,1178,0,16,136,15,86,0,1855,1249,422,63,37160,28.032831001076424,28.032831001076424,0.5839612486544672,0.8019375672766416,1.2890204520990312,6.996770721205597,4.308396124865447,4.884284176533908,0.15608180839612487,3.1700753498385357,0.0,0.04305705059203445,0.36598493003229277,0.040365984930032295,0.23143164693218515,0.0,4.991926803013993,3.361141011840689,1.1356297093649084,0.16953713670613563,0.07543818891570621
144,Marine Park-Mill Basin-Bergen Beach,12943,172,122,472,3558,2132,841,403,763,0,0,70,0,38,10,4274,385,791,52,44491,29.09127688746039,29.09127688746039,0.38659504169382575,0.27421276213166706,1.0608887190667775,7.997123013643209,4.791980400530444,1.8902699422355083,0.9058011732709986,1.7149535861185408,0.0,0.0,0.1573351913870221,0.0,0.08541053246724056,0.022476455912431727,9.60643725697332,0.8653435526286215,1.7778876626733497,0.11687757074464498,0.06538688023973475
145,Marine Park-Plumb Island,0,0,0,0,0,0,0,0,0,0,0,0,0,0,0,0,0,0,0,0,,,,,,,,,,,,,,,,,,,,,
146,Mariner's Harbor-Arlington-Graniteville,9100,4,0,153,743,690,1375,706,75,10,15,361,0,1287,0,3520,1400,803,3,32812,27.733755942947703,27.733755942947703,0.012190661952944045,0.0,0.4662928197001097,2.2644154577593563,2.102889186882848,4.190540046324515,2.151651834694624,0.22857491161770083,0.030476654882360114,0.04571498232354017,1.1002072412532,0.0,3.922345483359747,0.0,10.72778251859076,4.266731683530415,2.447275387053517,0.009142996464708033,0.0845232108464821
147,Maspeth,17055,576,104,623,4863,2580,723,797,228,0,0,142,0,23,0,6231,1207,4231,84,42029,40.579123938233124,40.579123938233124,1.370482286040591,0.24744819053510672,1.4823098336862641,11.570582217040615,6.138618572890147,1.720240786123867,1.8963096909276926,0.5424825715577339,0.0,0.0,0.3378619524613957,0.0,0.0547241190606486,0.0,14.82547764638702,2.8718265959218634,10.066858597634965,0.1998620000475862,0.09655029607707326
148,McGuire Fields,0,0,0,0,0,0,0,0,0,0,0,0,0,0,0,0,0,0,0,0,,,,,,,,,,,,,,,,,,,,,
149,Melrose,10014,0,0,0,56,32,44,38,0,65,114,0,11,1689,0,7947,2984,1005,18,40241,24.88506746850227,24.88506746850227,0.0,0.0,0.0,0.13916155165130092,0.07952088665788623,0.10934121915459358,0.0944310529062399,0.0,0.1615268010238314,0.28329315871871974,0.0,0.027335304788648394,4.197211798911558,0.0,19.748515195944435,7.415322680847892,2.4974528465992396,0.044730498745061006,0.06184008217614441
150,Middle Village,12980,360,113,917,3692,2001,854,443,111,6,0,429,8,0,0,3959,120,3208,65,34652,37.45815537342722,37.45815537342722,1.0389010735311093,0.32609950363615375,2.6463119011889646,10.654507676324599,5.774558467043749,2.4645042133210207,1.2784254877063372,0.3203278310054254,0.017315017892185154,0.0,1.2380237792912385,0.02308669052291354,0.0,0.0,11.425025972526837,0.3463003578437031,9.257762899688329,0.18757936049867252,0.10809810508319063
151,Middle Village Cemetery,0,0,0,0,0,0,0,0,0,0,0,0,0,0,0,0,0,0,0,0,,,,,,,,,,,,,,,,,,,,,
152,Midtown South-Flatiron-Union Square,7536,573,422,253,508,1971,804,472,266,17,11,0,110,57,100,1337,285,722,612,29670,25.399393326592516,25.399393326592516,1.9312436804853388,1.4223120997640715,0.8527131782945736,1.7121671722278395,6.643073811931243,2.709807886754297,1.5908324907313784,0.8965284799460734,0.05729693292888439,0.03707448601280755,0.0,0.3707448601280755,0.19211324570273003,0.3370407819346141,4.50623525446579,0.9605662285136503,2.4334344455679138,2.062689585439838,0.08560631387459561
153,Midtown-Times Square,8062,321,665,275,749,1701,931,628,327,11,27,183,16,97,75,1543,254,617,489,21949,36.73060276094583,36.73060276094583,1.462481206433095,3.029750785912798,1.252904460339879,3.4124561483438884,7.749783589229578,4.241651100277917,2.8611781857943415,1.4898173037496014,0.050116178413595155,0.12301243792427902,0.8337509681534466,0.07289625951068386,0.4419335732835209,0.34170121645633056,7.029933026561574,1.1572281197321062,2.8110620073807464,2.2278919312952756,0.16734522192785928
154,Midwood,20106,171,378,37,7360,1064,4745,285,2473,84,0,230,16,98,48,3042,1112,576,43,50867,39.5266086067588,39.5266086067588,0.3361707983564983,0.7431143963669963,0.07273871075549963,14.469105707039928,2.0917294119959897,9.328248176617453,0.5602846639274972,4.861698154009476,0.1651365325259992,0.0,0.45215955334499774,0.03145457762399984,0.19265928794699902,0.09436373287199953,5.98030157076297,2.1860931448679892,1.1323647944639943,0.08453417736449959,0.07770579866467218
155,Miller Field,15,0,0,0,0,0,0,0,0,0,0,0,0,0,0,15,0,15,0,59,25.423728813559322,25.423728813559322,0.0,0.0,0.0,0.0,0.0,0.0,0.0,0.0,0.0,0.0,0.0,0.0,0.0,0.0,25.423728813559322,0.0,25.423728813559322,0.0,43.091065785693765
156,Montefiore Cemetery,0,0,0,0,0,0,0,0,0,0,0,0,0,0,0,0,0,0,0,0,,,,,,,,,,,,,,,,,,,,,
157,Morningside Heights,11187,268,810,660,470,3491,1203,435,599,48,19,26,77,148,73,2463,544,871,355,37984,29.451874473462507,29.451874473462507,0.7055602358887952,2.1324768323504633,1.7375737152485256,1.237363100252738,9.190711878685763,3.16712299915754,1.1452190395956192,1.5769797809604043,0.12636899747262004,0.050021061499578766,0.06844987363100252,0.2027169334456613,0.3896377422072452,0.19218618365627632,6.484309182813816,1.4321819713563606,2.293070766638585,0.9346040438079191,0.07753758022710222
158,Morris Park,6825,32,72,410,1154,596,497,920,143,0,22,83,0,77,0,2819,242,836,0,22818,29.91059689718643,29.91059689718643,0.14024016127618547,0.3155403628714173,1.7968270663511265,5.057410816022438,2.6119730037689544,2.1781050048207558,4.031904636690332,0.6266982207029539,0.0,0.0964151108773775,0.36374791831010606,0.0,0.3374528880708213,0.0,12.354281707423965,1.0605662196511525,3.6637742133403455,0.0,0.13108334164776242
159,Morrisania,9431,3,111,0,91,0,248,58,0,68,64,0,0,1876,0,6846,837,916,0,35978,26.21324142531547,26.21324142531547,0.00833842903996887,0.3085218744788482,0.0,0.2529323475457224,0.0,0.6893101339707599,0.16120962810606482,0.0,0.18900439157262772,0.17788648618600256,0.0,0.0,5.2142976263272,0.0,19.028295069208962,2.3264217021513147,2.5460003335371613,0.0,0.07285908451085515
160,Mott Haven-Port Morris,15212,0,135,57,63,20,107,144,55,0,120,16,4,1942,0,12281,4387,1544,34,56669,26.843600557624097,26.843600557624097,0.0,0.23822548483297748,0.10058409359614605,0.11117189292205615,0.035292664419700366,0.18881575464539696,0.2541071838218426,0.097054827154176,0.0,0.21175598651820218,0.02823413153576029,0.007058532883940072,3.4269177151529058,0.0,21.67146058691701,7.741445940461275,2.724593693200868,0.05999752951349062,0.04736910931483544
161,Mount Eden-Claremont (West),21758,14,17,10,34,156,215,79,0,156,27,245,0,2945,0,17571,3520,1288,0,51156,42.53264524200485,42.53264524200485,0.027367268746579094,0.033231683477988896,0.01954804910469935,0.06646336695597779,0.30494956603330986,0.420283055751036,0.15442958792712486,0.0,0.30494956603330986,0.05277973258268825,0.4789272030651341,0.0,5.7569004613339585,0.0,34.34787708186723,6.880913284854172,2.517788724685276,0.0,0.0831430237743468
162,Mount Hebron & Cedar Grove Cemeteries,0,0,0,0,0,0,0,0,0,0,0,0,0,0,0,0,0,0,0,0,,,,,,,,,,,,,,,,,,,,,
163,Mount Hope,21631,0,0,19,86,51,201,28,39,6,0,0,0,4911,0,15903,1882,1677,45,47292,45.73923708026727,45.73923708026727,0.0,0.0,0.040175928275395414,0.18184893850968453,0.10784064958132454,0.42501903070286723,0.059206631142687975,0.08246637909160112,0.012687135244861711,0.0,0.0,0.0,10.38442019791931,0.0,33.62725196650596,3.9795314218049564,3.546054300938848,0.09515351433646284,0.09671664780569075
164,Mount Olivet & All Faiths Cemeteries,0,0,0,0,0,0,0,0,0,0,0,0,0,0,0,0,0,0,0,0,,,,,,,,,,,,,,,,,,,,,
165,Murray Hill-Broadway Flushing,32271,106,101,1025,1256,21830,989,955,210,43,0,449,64,113,107,4915,1587,2446,40,53856,59.92090017825312,59.92090017825312,0.19682115270350564,0.18753713606654784,1.9032234105763517,2.3321449792038025,40.534016636957816,1.8363784907902556,1.7732471776589425,0.38992869875222813,0.0798425430778372,0.0,0.8337046939988115,0.11883541295306002,0.2098187759952466,0.19867795603089722,9.12618835412953,2.94674688057041,4.541740938799762,0.07427213309566251,0.11126132683127808
166,Murray Hill-Kips Bay,14988,452,689,848,1212,3599,2440,963,749,165,25,161,60,247,189,2338,269,1130,812,54905,27.298060285948456,27.298060285948456,0.8232401420635643,1.254894818322557,1.5444859302431473,2.2074492304890265,6.554958564793735,4.444039704944905,1.7539386212548949,1.3641744831982514,0.30051907840815956,0.04553319369820599,0.2932337674164466,0.10927966487569438,0.4498679537382752,0.3442309443584373,4.2582642746562245,0.4899371641926965,2.0581003551589108,1.4789181313177306,0.04971871466341582
167,New Dorp-Midland Beach,9244,20,148,503,2569,3550,756,276,149,0,0,220,0,0,0,1029,698,149,0,29303,31.546258062314436,31.546258062314436,0.06825239736545746,0.5050677405043853,1.7165477937412552,8.767020441593012,12.1148005323687,2.579940620414292,0.9418830836433129,0.5084803603726581,0.0,0.0,0.7507763710200321,0.0,0.0,0.0,3.5115858444527865,2.3820086680544654,0.5084803603726581,0.0,0.10765538703311754
168,New Springville-Willowbrook-Bulls Head-Travis,13050,88,173,597,1835,3830,749,1372,976,0,0,1074,0,355,0,1840,761,690,30,42458,30.73625700692449,30.73625700692449,0.20726364878232606,0.4074614913561638,1.4060954354891892,4.321918130858731,9.02067925950351,1.7640962833859342,3.2314287060153566,2.298742286494889,0.0,0.0,2.529558622638843,0.0,0.8361204013377926,0.0,4.333694474539545,1.792359508219888,1.6251354279523293,0.07065806208488389,0.07239214519507393
169,North & South Brother Islands,0,0,0,0,0,0,0,0,0,0,0,0,0,0,0,0,0,0,0,0,,,,,,,,,,,,,,,,,,,,,
170,North Corona,24521,18,10,107,48,1688,438,229,48,0,16,119,0,96,32,21672,6964,10562,0,39689,61.78286175010709,61.78286175010709,0.04535261659401849,0.025195898107788054,0.26959610975333215,0.12094031091738264,4.2530676005946235,1.1035803371211166,0.5769860666683464,0.12094031091738264,0.0,0.040313436972460884,0.29983118748267784,0.0,0.24188062183476527,0.08062687394492177,54.60455037919827,17.5464234422636,26.61190758144574,0.0,0.15566746894632538
171,Norwood,17865,16,49,30,785,107,2261,333,125,59,157,76,1,403,0,13188,2900,1352,0,39547,45.17409664449895,45.17409664449895,0.04045818899031532,0.12390320378284068,0.07585910435684123,1.9849798973373454,0.27056413887273373,5.717247831693934,0.8420360583609376,0.31607960148683845,0.14918957190178775,0.3969959794674691,0.19217639770399778,0.0025286368118947076,1.019040635193567,0.0,33.3476622752674,7.333046754494651,3.4187169696816446,0.0,0.11422888371936923
172,Oakland Gardens-Hollis Hills,10846,57,67,106,754,5661,1016,1400,309,0,0,243,0,0,0,1224,80,647,9,25549,42.45175936435868,42.45175936435868,0.2231007084426005,0.262241183607969,0.41488903675290617,2.9511918274687856,22.157422991115112,3.9766722768014406,5.479666523151591,1.209440682609887,0.0,0.0,0.9511135465184548,0.0,0.0,0.0,4.790794160241106,0.31312380132294804,2.532388743199342,0.03522642764883166,0.16615820331268807
173,Oakwood-Richmondtown,3842,32,23,158,1409,799,793,71,76,0,0,195,0,30,0,248,75,96,8,20418,18.816730335978058,18.816730335978058,0.15672445881085317,0.11264570477030071,0.7738270153785874,6.900773827015379,3.9132138309334903,3.883827994906455,0.3477323929865805,0.37222058967577626,0.0,0.0,0.9550396708786366,0.0,0.14692918013517484,0.0,1.2146145557841121,0.3673229503379371,0.4701733764325595,0.03918111470271329,0.09215755870299763
174,Ocean Hill,11677,56,84,71,186,107,358,141,39,134,43,45,18,1456,11,8849,886,1710,70,39495,29.56576781871123,29.56576781871123,0.14179010001265982,0.21268515001898977,0.17976959108747942,0.470945689327763,0.27092036966704647,0.9064438536523611,0.3570072161033042,0.09874667679453096,0.33928345360172174,0.10887454108114952,0.11393847322445878,0.04557538928978352,3.6865426003291555,0.02785162678820104,22.40536776807191,2.2433219394860107,4.3296619825294345,0.1772376250158248,0.07485952099939544
175,Old Astoria-Hallets Point,5271,118,200,424,198,657,544,227,103,0,0,86,0,27,7,2554,665,1253,94,13542,38.92334957908729,38.92334957908729,0.8713631664451337,1.4768867227883622,3.1309998523113283,1.4621178555604786,4.851572884359769,4.0171318859843455,1.676266430364791,0.7605966622360065,0.0,0.0,0.6350612907989956,0.0,0.19937970757642887,0.051691035297592676,18.859843450007386,4.910648353271304,9.252695318269089,0.6941367597105302,0.28742689099901997
176,Ozone Park,9629,62,4,599,230,697,2940,760,63,0,0,66,0,0,0,4196,931,1961,12,23316,41.29782123863441,41.29782123863441,0.2659118202092983,0.017155601303825697,2.569051295247898,0.9864470749699776,2.989363527191628,12.609366958311888,3.259564247726883,0.2702007205352548,0.0,0.0,0.28306742151312403,0.0,0.0,0.0,17.99622576771316,3.992966203465431,8.410533539200548,0.0514668039114771,0.1771222389716693
177,Ozone Park (North),14072,16,19,109,639,521,3826,168,133,10,25,79,0,14,53,8438,1306,4849,22,26317,53.47114032754493,53.47114032754493,0.06079720332864689,0.07219667895276817,0.4141809476764069,2.4280883079378346,1.979708933389064,14.538131245962685,0.6383706349507923,0.5053767526693772,0.037998252080404304,0.09499563020101075,0.300186191435194,0.0,0.053197552912566025,0.2013907360261428,32.06292510544515,4.962571721700802,18.425352433788046,0.08359615457688947,0.20318098691927247
178,Park Slope,9885,1149,878,343,1261,1669,559,255,437,56,0,39,67,49,196,2414,628,996,513,58600,16.868600682593858,16.868600682593858,1.9607508532423208,1.4982935153583616,0.5853242320819112,2.151877133105802,2.848122866894198,0.9539249146757679,0.4351535836177475,0.7457337883959044,0.09556313993174062,0.0,0.06655290102389078,0.11433447098976109,0.08361774744027303,0.33447098976109213,4.119453924914676,1.0716723549488054,1.6996587030716725,0.8754266211604096,0.0287860079907745
179,Parkchester,11033,0,19,75,1,134,4299,364,139,165,0,260,0,941,0,4623,711,847,13,29846,36.96642766199826,36.96642766199826,0.0,0.06366012195939154,0.25128995510286134,0.003350532734704818,0.4489713864504456,14.403940226496012,1.2195939154325537,0.4657240501239697,0.5528379012262951,0.0,0.8711385110232527,0.0,3.152851303357234,0.0,15.489512832540376,2.382228774375126,2.837901226294981,0.04355692555116263,0.12385722596662287
180,Pelham Bay Park,4,0,0,0,0,0,0,0,0,0,0,0,0,0,0,4,0,0,0,57,7.017543859649122,7.017543859649122,0.0,0.0,0.0,0.0,0.0,0.0,0.0,0.0,0.0,0.0,0.0,0.0,0.0,0.0,7.017543859649122,0.0,0.0,0.0,12.311480455524777
181,Pelham Bay-Country Club-City Island,6757,326,93,959,1171,551,406,621,79,14,0,9,0,87,19,2195,462,573,156,27665,24.42436291342852,24.42436291342852,1.1783842400144586,0.3361648292065787,3.4664738839689138,4.232785107536598,1.9916862461594071,1.4675582866437737,2.2447135369600577,0.2855593710464486,0.05060545816013013,0.0,0.032532080245797936,0.0,0.3144767757093801,0.06867883607446232,7.934212904391831,1.6699801192842942,2.071209108982469,0.5638893909271643,0.08828614825023864
182,Pelham Gardens,9637,72,27,519,507,254,733,987,64,0,101,0,0,824,0,5350,313,804,136,28561,33.741815762753404,33.741815762753404,0.2520920135849585,0.09453450509435944,1.8171632645915758,1.7751479289940828,0.8893246034802703,2.5664367494135356,3.455761352893806,0.22408178985329646,0.0,0.3536290746122335,0.0,0.0,2.8850530443611917,0.0,18.731837120549,1.0959000035012778,2.8150274850320365,0.47617380343825494,0.11813947607840554
183,Pelham Parkway-Van Nest,8601,11,13,73,720,173,723,318,518,27,4,24,0,356,0,5572,950,1260,12,28565,30.11027481183266,30.11027481183266,0.038508664449501136,0.04551023980395589,0.25555750043759845,2.520567127603711,0.6056362681603361,2.531069490635393,1.1132504813583057,1.813408016803781,0.09452126728513915,0.014003150708909505,0.08401890425345702,0.0,1.246280413092946,0.0,19.50638893751094,3.325748293366007,4.410992473306494,0.04200945212672851,0.10540967901919363
184,Pomonok-Electchester-Hillcrest,14904,25,247,162,789,4261,1881,900,388,325,6,44,62,77,0,5737,773,2504,0,35746,41.694175572091986,41.694175572091986,0.06993789514910759,0.690986404073183,0.4531975605662172,2.2072399709058357,11.920214849213897,5.262127231018855,2.5177642253678734,1.0854361327141497,0.9091926369383987,0.016785094835785823,0.12309069546242936,0.17344597996978683,0.21540871705925138,0.0,16.049348178817212,2.162479718010407,7.004979578134616,0.0,0.11664011517957809
185,Port Richmond,6285,49,15,5,136,346,499,150,77,0,0,217,0,551,0,4240,2360,509,0,20896,30.077526799387442,30.077526799387442,0.23449464012251148,0.07178407350689127,0.023928024502297092,0.6508422664624809,1.6558192955589586,2.3880168453292496,0.7178407350689128,0.3684915773353752,0.0,0.0,1.0384762633996938,0.0,2.6368683001531394,0.0,20.29096477794793,11.294027565084226,2.4358728943338437,0.0,0.14393915964484802
186,Prospect Heights,4482,350,213,115,383,573,228,93,126,13,0,29,1,86,21,1928,342,416,323,23598,18.993135011441648,18.993135011441648,1.4831765403847783,0.9026188660055936,0.4873294346978557,1.6230188999067716,2.4281718789727944,0.966183574879227,0.3941011950165268,0.5339435545385203,0.05508941435714891,0.0,0.12289177048902448,0.004237647258242224,0.3644376642088313,0.08899059242308671,8.170183913891007,1.4492753623188406,1.7628612594287651,1.3687600644122384,0.0804862065066601
187,Prospect Lefferts Gardens-Wingate,15409,561,329,91,123,465,140,80,329,18,102,111,0,627,152,12127,576,1434,154,45402,33.939033522752304,33.939033522752304,1.2356283864146955,0.7246376811594203,0.20043169904409497,0.27091317563102946,1.024183956653892,0.3083564600678384,0.17620369146733625,0.7246376811594203,0.03964583058015066,0.22465970662085372,0.24448262191092904,0.0,1.380996431875248,0.33478701378793885,26.710277080304834,1.268666578564821,3.158451169552002,0.33919210607462225,0.07475228739428286
188,Prospect Park,0,0,0,0,0,0,0,0,0,0,0,0,0,0,0,0,0,0,0,0,,,,,,,,,,,,,,,,,,,,,
189,Queens Village,28650,64,61,249,262,1050,4098,2002,149,18,0,34,11,444,0,20131,2034,8038,77,56154,51.02040816326531,51.02040816326531,0.11397229048687538,0.1086298393703031,0.44342344267549955,0.4665740641806461,1.8698578908002992,7.297788225237739,3.5651957117925703,0.26534173878975675,0.0320547066994337,0.0,0.060547779321152545,0.019588987427431707,0.7906827652526979,0.0,35.849627809238875,3.6221818570360083,14.314207358336004,0.13712291199202195,0.09085801218660346
190,Queensboro Hill,12001,29,78,202,57,8059,503,1008,93,0,0,0,0,0,0,1972,453,1431,0,19882,60.36113067095865,60.36113067095865,0.14586057740669953,0.3923146564731918,1.015994366763907,0.2866914797304094,40.534151493813496,2.5299265667437885,5.069912483653556,0.4677597827180364,0.0,0.0,0.0,0.0,0.0,0.0,9.918519263655568,2.2784428125943066,7.197465043758173,0.0,0.30359687491680243
191,Queensbridge-Ravenswood-Dutch Kills,11245,257,80,592,488,1898,2452,331,268,25,22,506,37,90,68,3948,1035,1813,126,27497,40.89537040404408,40.89537040404408,0.9346474160817544,0.2909408299087173,2.152962141324508,1.7747390624431754,6.902571189584318,8.917336436702186,1.203767683747318,0.974651780194203,0.09091900934647416,0.08000872822489725,1.8402007491726369,0.13456013383278176,0.327308433647307,0.24729970542240973,14.3579299559952,3.76404698694403,6.593446557806307,0.4582318071062298,0.14872666255971226
192,Randall's Island,340,0,0,0,44,0,0,13,18,0,0,7,6,19,0,208,78,38,0,2366,14.370245139475909,14.370245139475909,0.0,0.0,0.0,1.8596787827557058,0.0,0.0,0.5494505494505495,0.760777683854607,0.0,0.0,0.2958579881656805,0.25359256128486896,0.8030431107354183,0.0,8.791208791208792,3.296703296703297,1.6060862214708367,0.0,0.6073645452018558
193,Rego Park,15921,308,104,265,2479,3661,3456,1690,618,35,0,237,0,68,0,2935,147,2039,48,29500,53.96949152542373,53.96949152542373,1.0440677966101695,0.3525423728813559,0.8983050847457628,8.403389830508475,12.410169491525423,11.715254237288136,5.728813559322034,2.094915254237288,0.11864406779661016,0.0,0.8033898305084745,0.0,0.2305084745762712,0.0,9.94915254237288,0.4983050847457627,6.911864406779661,0.16271186440677965,0.18294742889974144
194,Richmond Hill,17164,33,35,162,534,589,3917,711,39,0,0,65,9,20,20,10984,2499,5824,37,34013,50.46305824243672,50.46305824243672,0.09702172698674036,0.10290183165260341,0.47628847793490725,1.5699879457854349,1.731690824096669,11.516184988092789,2.0903772087143153,0.11466204098432953,0.0,0.0,0.1911034016405492,0.026460470996383732,0.05880104665863052,0.05880104665863052,32.29353482491988,7.347190779995884,17.12286478699321,0.10878193631846647,0.14836403211253557
195,Ridgewood,29158,342,552,853,7561,1494,1270,1051,206,16,0,653,23,27,20,14815,3189,8565,131,68356,42.65609456375446,42.65609456375446,0.5003218444613494,0.8075370121130552,1.2478787524138335,11.061208964831177,2.185616478436421,1.8579202996079351,1.5375387676282988,0.30136345017262567,0.02340686991632044,0.0,0.9552928784598279,0.033647375504710635,0.03949909298379074,0.02925858739540055,21.673298613142958,4.665281760196618,12.529990052080286,0.1916437474398736,0.062402853537004005
196,Rikers Island,396,0,6,7,5,31,19,35,0,0,0,0,0,0,0,293,126,40,0,3538,11.192764273600904,11.192764273600904,0.0,0.1695873374788016,0.1978518937252685,0.14132278123233466,0.8762012436404749,0.5370265686828717,0.9892594686263425,0.0,0.0,0.0,0.0,0.0,0.0,0.0,8.28151498021481,3.5613340870548336,1.1305822498586773,0.0,0.3163585153646383
197,Riverdale-Spuyten Duyvil,10451,838,402,435,1498,807,757,328,450,88,29,139,73,173,48,4105,486,1128,268,47218,22.13350840781058,22.13350840781058,1.7747469185480111,0.85137024016265,0.9212588419670464,3.172518954635944,1.7090939895802448,1.6032021686644922,0.6946503452073362,0.9530263882417723,0.18636960481172435,0.06141725613113643,0.29437926214579185,0.1546020585369986,0.36638570036850354,0.10165614807912238,8.693718497183278,1.029268499301114,2.388919479859376,0.5675801601084332,0.04687515017114359
198,Rockaway Beach-Arverne-Edgemere,12678,99,117,131,1552,441,776,203,33,5,0,166,0,1319,0,7723,818,3171,91,42459,29.8593937681057,29.8593937681057,0.2331661131915495,0.2755599519536494,0.3085329376575049,3.6552909865988368,1.0386490496714478,1.8276454932994184,0.4781082927059045,0.0777220377305165,0.01177606632280553,0.0,0.39096540191714363,0.0,3.106526295956099,0.0,18.189312042205422,1.9265644504109847,7.468381261923267,0.21432440707506067,0.07032524027439577
199,Rockaway Community Park,0,0,0,0,0,0,0,0,0,0,0,0,0,0,0,0,0,0,0,0,,,,,,,,,,,,,,,,,,,,,
200,Rosebank-Shore Acres-Park Hill,8389,19,11,48,1588,2447,714,426,232,0,0,58,0,800,0,1947,343,557,16,22705,36.94780885267562,36.94780885267562,0.08368200836820083,0.04844747852895838,0.21140717903545472,6.994054173089628,10.777361814578287,3.144681788152389,1.8762387139396608,1.0218013653380313,0.0,0.0,0.25545034133450784,0.0,3.523452983924246,0.0,8.575203699625632,1.5106804668575204,2.4532041400572564,0.07046905967848492,0.16272983418927822
201,Rosedale,10896,128,0,60,51,142,33,28,0,9,0,15,0,635,0,9795,428,1276,0,27053,40.27649428898828,40.27649428898828,0.4731453073596274,0.0,0.22178686282482535,0.18851883340110154,0.5248955753520866,0.12198277455365393,0.1035005359849185,0.0,0.0332680294237238,0.0,0.05544671570620634,0.0,2.3472442982294015,0.0,36.20670535615274,1.5820796214837543,4.716667282741286,0.0,0.14887995523227843
202,Sheepshead Bay-Manhattan Beach-Gerritsen Beach,32242,46,269,201,16150,6147,3360,639,2166,14,0,386,16,57,7,2625,858,544,120,65400,49.29969418960244,49.29969418960244,0.07033639143730887,0.41131498470948014,0.3073394495412844,24.694189602446485,9.399082568807339,5.137614678899083,0.9770642201834863,3.311926605504587,0.02140672782874618,0.0,0.5902140672782875,0.024464831804281346,0.0871559633027523,0.01070336391437309,4.013761467889909,1.311926605504587,0.8318042813455658,0.1834862385321101,0.07538179539694563
203,Shirley Chisholm State Park,0,0,0,0,0,0,0,0,0,0,0,0,0,0,0,0,0,0,0,0,,,,,,,,,,,,,,,,,,,,,
204,Snug Harbor,0,0,0,0,0,0,0,0,0,0,0,0,0,0,0,0,0,0,0,42,0.0,0.0,0.0,0.0,0.0,0.0,0.0,0.0,0.0,0.0,0.0,0.0,0.0,0.0,0.0,0.0,0.0,0.0,0.0,0.0,0.0
205,SoHo-Little Italy-Hudson Square,6769,364,464,329,1101,2107,236,309,102,0,0,14,10,46,401,1057,229,375,229,22167,30.536382911535163,30.536382911535163,1.6420805702169892,2.0932016059908873,1.4841882076961248,4.966842603870618,9.505120223756034,1.0646456444263996,1.3939640005413452,0.4601434564893761,0.0,0.0,0.06315694500834573,0.04511210357738981,0.20751567645599314,1.8089953534533316,4.768349348130103,1.0330671719222269,1.6917038841521181,1.0330671719222269,0.13775604687840107
206,Soundview Park,0,0,0,0,0,0,0,0,0,0,0,0,0,0,0,0,0,0,0,0,,,,,,,,,,,,,,,,,,,,,
207,Soundview-Bruckner-Bronx River,24303,53,0,98,23,65,1370,108,285,12,33,76,0,1958,0,20031,5426,4361,39,67539,35.98365388886421,35.98365388886421,0.07847317845985283,0.0,0.1451013488502939,0.03405439819955877,0.09624069056397044,2.028457631886762,0.15990760893705858,0.42197841247279355,0.01776751210411762,0.04886065828632346,0.11252757665941159,0.0,2.899065724988525,0.0,29.65841957979834,8.033876723078517,6.457010023838079,0.05774441433838227,0.0532783338350645
208,Soundview-Clason Point,8868,196,0,8,85,7,359,55,0,9,72,0,0,916,0,7161,442,893,0,36633,24.20768159855868,24.20768159855868,0.5350367155297137,0.0,0.02183823328692709,0.23203122867360032,0.0191084541260612,0.9799907187508531,0.1501378538476237,0.0,0.024568012447792973,0.19654409958234378,0.0,0.0,2.5004777113531516,0.0,19.54794857096061,1.2065623891027217,2.4376927906532364,0.0,0.06608162476062206
209,South Jamaica,18211,31,6,0,44,355,4085,116,10,7,16,35,0,956,7,12525,609,5317,18,43086,42.2666295316344,42.2666295316344,0.07194912500580235,0.01392563709789723,0.0,0.10212133871791301,0.8239335282922527,9.481037924151696,0.26922898389267974,0.023209395163162047,0.016246576614213432,0.03713503226105928,0.08123288307106717,0.0,2.218818177598292,0.016246576614213432,29.069767441860467,1.4134521654365688,12.340435408253262,0.04177691129369169,0.09809829070146776
210,South Ozone Park,46126,83,23,198,138,1205,5755,500,102,24,0,60,0,111,0,37867,1694,26358,39,80994,56.94989752327333,56.94989752327333,0.10247672667111143,0.02839716522211522,0.24446255278168755,0.1703829913326913,1.4877645257673409,7.1054646023162205,0.6173296787416351,0.12593525446329357,0.029631824579598485,0.0,0.07407956144899622,0.0,0.137047188680643,0.0,46.752845889819,2.09151295157666,32.54315134454404,0.04815171494184755,0.07031372388482274
211,South Richmond Hill,15384,28,5,88,30,513,4149,187,112,0,10,0,0,22,13,10101,809,7653,43,23428,65.6650162199078,65.6650162199078,0.1195151101246372,0.02134198395082807,0.375618917534574,0.1280519037049684,2.18968755335496,17.709578282397132,0.7981901997609697,0.4780604404985488,0.0,0.04268396790165614,0.0,0.0,0.0939047293836435,0.055489158272152984,43.115075977462865,3.4531330032439813,32.66604063513744,0.1835410619771214,0.2802843444592274
212,South Williamsburg,4450,177,371,10,943,95,353,0,497,0,0,71,0,0,0,1749,267,513,146,46005,9.672861645473319,9.672861645473319,0.3847407890446691,0.8064340832518205,0.02173676774263667,2.0497771981306383,0.20649929355504837,0.7673079013150744,0.0,1.0803173568090425,0.0,0.0,0.15433105097272035,0.0,0.0,0.0,3.8017606781871534,0.5803716987283991,1.1150961851972612,0.3173568090424954,0.021025674699431188
213,Spring Creek Park,0,0,0,0,0,0,0,0,0,0,0,0,0,0,0,0,0,0,0,0,,,,,,,,,,,,,,,,,,,,,
214,Spring Creek-Starrett City,5313,19,0,20,1490,436,501,0,40,0,5,43,80,132,0,2547,219,389,0,16047,33.10899233501589,33.10899233501589,0.11840219355642799,0.0,0.12463388795413474,9.285224652583038,2.717018757400137,3.122078893251075,0.0,0.24926777590826948,0.0,0.031158471988533686,0.26796285910138967,0.49853555181653897,0.8225836604972891,0.0,15.872125630959058,1.3647410730977754,2.4241291207079207,0.0,0.20632512204783382
215,Springfield Gardens (North)-Rochdale Village,11700,66,12,36,0,113,248,21,0,48,16,20,0,648,0,10249,98,1670,0,33004,35.45024845473276,35.45024845473276,0.1999757605138771,0.03635922918434129,0.10907768755302387,0.0,0.3423827414858805,0.75142406980972,0.06362865107259726,0.0,0.14543691673736517,0.04847897224578839,0.06059871530723549,0.0,1.9633983759544296,0.0,31.053811659192824,0.2969337050054539,5.059992728154163,0.0,0.10741197568395575
216,Springfield Gardens (South)-Brookville,10121,72,67,5,29,34,403,20,54,0,115,162,0,445,0,8630,367,1212,13,24507,41.29840453747909,41.29840453747909,0.29379360998898274,0.27339127596197005,0.02040233402701269,0.11833353735667361,0.1387358713836863,1.6444281225772228,0.08160933610805075,0.22034520749173708,0.0,0.4692536826212919,0.6610356224752112,0.0,1.8158077284041296,0.0,35.214428530623906,1.4975313175827316,4.945525768147876,0.05304606847023299,0.16851676883126895
217,St. Albans,22710,140,14,0,50,108,674,153,205,0,4,0,0,840,0,20194,694,5098,113,55408,40.98686110308981,40.98686110308981,0.2526710944267976,0.02526710944267976,0.0,0.09023967658099913,0.19491770141495812,1.2164308403118682,0.2761334103378573,0.36998267398209644,0.0,0.007219174126479931,0.0,0.0,1.5160265665607855,0.0,36.44600057753393,1.252526710944268,9.20083742419867,0.20394166907305805,0.07397282180026316
218,St. George-New Brighton,4841,0,55,2,645,346,605,174,22,0,0,102,0,579,0,2287,897,283,24,20225,23.935723114956737,23.935723114956737,0.0,0.2719406674907293,0.009888751545117428,3.189122373300371,1.7107540173053153,2.991347342398022,0.8603213844252163,0.10877626699629171,0.0,0.0,0.5043263288009888,0.0,2.862793572311496,0.0,11.30778739184178,4.435105067985167,1.3992583436341162,0.11866501854140915,0.1183472094682657
219,St. John Cemetery,0,0,0,0,0,0,0,0,0,0,0,0,0,0,0,0,0,0,0,0,,,,,,,,,,,,,,,,,,,,,
220,St. Michael's Cemetery,0,0,0,0,0,0,0,0,0,0,0,0,0,0,0,0,0,0,0,0,,,,,,,,,,,,,,,,,,,,,
221,Stuyvesant Town-Peter Cooper Village,5424,472,558,472,544,963,541,400,266,19,0,15,0,0,0,905,72,625,269,21963,24.696079770523152,24.696079770523152,2.149068888585348,2.540636525064882,2.149068888585348,2.4768929563356554,4.38464690616036,2.4632336201793925,1.821244820835041,1.211127805855302,0.08650912898966444,0.0,0.06829668078131403,0.0,0.0,0.0,4.12056640713928,0.3278240677503073,2.845695032554751,1.224787142011565,0.11244401844248578
222,Sunnyside,22511,411,206,195,1648,2520,4490,1921,661,31,20,403,18,138,55,9724,3042,5510,70,47507,47.38459595428042,47.38459595428042,0.8651356642179047,0.4336203085861031,0.4104658260887869,3.468962468688825,5.304481444839708,9.451238764813606,4.043614625213126,1.3913739027932726,0.0652535415833456,0.04209905908602943,0.848296040583493,0.037889153177426485,0.29048350769360304,0.11577241248658093,20.46856252762751,6.403266886985076,11.598290778201108,0.147346706801103,0.09974234524234413
223,Sunnyside Yards (North),4,0,0,0,0,4,0,0,0,0,0,0,0,0,0,0,0,0,0,44,9.090909090909092,9.090909090909092,0.0,0.0,0.0,0.0,9.090909090909092,0.0,0.0,0.0,0.0,0.0,0.0,0.0,0.0,0.0,0.0,0.0,0.0,0.0,20.66115702479339
224,Sunnyside Yards (South),0,0,0,0,0,0,0,0,0,0,0,0,0,0,0,0,0,0,0,0,,,,,,,,,,,,,,,,,,,,,
225,Sunset Park (Central),24304,85,31,115,328,14842,647,275,91,36,0,72,0,11,19,7741,4541,1212,11,43324,56.098236543255474,56.098236543255474,0.19619610377619798,0.07155387314190749,0.2654417874619149,0.757086141630505,34.25814790878035,1.493398578155295,0.6347521004524052,0.21004524051334134,0.0830948204228603,0.0,0.1661896408457206,0.0,0.025390084018096205,0.04385559966762072,17.867694580371158,10.48148832056135,2.797525620902964,0.025390084018096205,0.12948535810002648
226,Sunset Park (East)-Borough Park (West),16952,112,77,73,959,10342,727,473,145,0,0,38,0,0,0,3969,2259,1172,37,30883,54.891040378201595,54.891040378201595,0.3626590680957161,0.24932810931580482,0.2363759997409578,3.105268270569569,33.487679305766925,2.354045915228443,1.5315869572256582,0.4695139720882039,0.0,0.0,0.12304504096104653,0.0,0.0,0.0,12.851730725641938,7.314703882394845,3.794968105430172,0.11980701356733478,0.1777386924139546
227,Sunset Park (West),18257,146,148,66,452,3042,369,564,188,31,0,396,0,44,80,12497,6768,2255,177,51327,35.569972918736724,35.569972918736724,0.28445067897987414,0.28834726362343405,0.12858729323747736,0.8806281294445418,5.926705242854638,0.7189198667368052,1.0988368694838972,0.36627895649463243,0.06039706197517875,0.0,0.7715237594248642,0.0,0.08572486215831823,0.15586338574239678,24.347809145284156,13.186042433806769,4.393399185613809,0.3448477409550529,0.06930070512349587
228,The Battery-Governors Island-Ellis Island-Liberty Island,0,0,0,0,0,0,0,0,0,0,0,0,0,0,0,0,0,0,0,0,,,,,,,,,,,,,,,,,,,,,
229,The Evergreens Cemetery,0,0,0,0,0,0,0,0,0,0,0,0,0,0,0,0,0,0,0,0,,,,,,,,,,,,,,,,,,,,,
230,Throgs Neck-Schuylerville,9519,224,38,763,374,398,674,757,171,20,0,17,15,290,0,5727,844,1612,20,48695,19.548208234931717,19.548208234931717,0.4600061607967964,0.0780367594208851,1.5668959852140878,0.7680460006160796,0.817332374987165,1.3841256802546462,1.5545743916213164,0.35116541739398294,0.0410719786425711,0.0,0.03491118184618544,0.03080398398192833,0.595543690317281,0.0,11.760961084300236,1.7332374987165007,3.310401478591231,0.0410719786425711,0.040144179556282404
231,Todt Hill-Emerson Hill-Lighthouse Hill-Manor Heights,8905,111,60,556,1379,977,2294,645,1067,9,0,136,0,121,0,1370,341,652,170,33699,26.425116472298882,26.425116472298882,0.32938662868334373,0.17804682631532093,1.649900590521974,4.092109558147126,2.8991958218344758,6.80732365945577,1.9140033828897,3.166266061307457,0.02670702394729814,0.0,0.4035728063147275,0.0,0.3590610997358972,0.0,4.065402534199828,1.0118994628920739,1.9347755126264874,0.5044660078934093,0.07841513538175875
232,Tompkinsville-Stapleton-Clifton-Fox Hills,5399,8,24,90,486,504,315,119,672,14,6,105,0,776,0,2185,1515,57,29,17596,30.68310979768129,30.68310979768129,0.04546487838145033,0.136394635144351,0.5114798817913162,2.7619913616731075,2.8642873380313705,1.7901795862696068,0.6762900659240736,3.819049784041827,0.07956353716753807,0.03409865878608775,0.5967265287565355,0.0,4.410093203000682,0.0,12.417594907933621,8.609911343487155,0.3239372584678336,0.16481018413275744,0.17437548191453336
233,Tottenville-Charleston,2081,0,27,448,565,364,105,16,18,0,0,166,0,0,0,356,271,48,0,16845,12.353814188186405,12.353814188186405,0.0,0.16028495102404272,2.6595428910655983,3.354111012169783,2.1608785989907986,0.6233303650934996,0.09498367468091422,0.10685663401602849,0.0,0.0,0.985455624814485,0.0,0.0,0.0,2.1133867616503417,1.6087859899079844,0.28495102404274264,0.0,0.07333816674494749
234,Tremont,10686,0,5,35,33,0,55,0,88,26,0,35,0,2412,0,7847,1794,557,74,32551,32.82848453196522,32.82848453196522,0.0,0.015360511197812662,0.10752357838468864,0.10137937390556358,0.0,0.1689656231759393,0.0,0.2703449970815029,0.07987465822862586,0.0,0.10752357838468864,0.0,7.409910601824829,0.0,24.106786273847195,5.511351417775184,1.7111609474363305,0.22733556572762742,0.10085246085209433
235,Tribeca-Civic Center,5258,449,388,176,206,1854,391,121,159,0,0,0,50,186,102,993,342,253,177,23257,22.60824697940405,22.60824697940405,1.9306015393214946,1.6683149159392872,0.7567614051683365,0.8857548265038482,7.971793438534634,1.6812142580728384,0.5202734660532312,0.683665133078213,0.0,0.0,0.0,0.21498903555918647,0.7997592122801737,0.43857763254074045,4.269682246205443,1.4705250032248354,1.0878445199294837,0.7610611858795201,0.09721050427571935
236,United Nations,0,0,0,0,0,0,0,0,0,0,0,0,0,0,0,0,0,0,0,0,,,,,,,,,,,,,,,,,,,,,
237,University Heights (North)-Fordham,19127,6,51,172,19,115,212,529,0,25,16,0,0,334,0,17527,2441,1193,35,44356,43.121561908197314,43.121561908197314,0.013526918567950222,0.11497880782757688,0.387771665614573,0.042835242131842366,0.2592659392190459,0.4779511227342412,1.192623320407611,0.0,0.05636216069979259,0.03607178284786726,0.0,0.0,0.752998466949229,0.0,39.51438362341059,5.503201370727749,2.689602308594102,0.07890702497970963,0.09721697607583488
238,University Heights (South)-Morris Heights,23151,42,42,9,40,95,439,0,70,208,27,0,0,2891,0,18944,1996,646,12,53958,42.90559323918603,42.90559323918603,0.07783831869231625,0.07783831869231625,0.016679639719782053,0.07413173208792023,0.17606286370881055,0.8135957596649245,0.0,0.1297305311538604,0.38548500685718523,0.050038919159346155,0.0,0.0,5.357870936654435,0.0,35.108788316839025,3.69917343118722,1.1972274732199117,0.022239519626376072,0.07951664857701551
239,Upper East Side-Carnegie Hill,10982,1059,1004,645,1191,1204,1371,284,355,85,0,168,38,0,327,2312,543,1135,899,54062,20.31371388405904,20.31371388405904,1.95886204727905,1.8571270023306572,1.1930746180311493,2.203026155155192,2.227072620324812,2.5359772113499317,0.5253227775516999,0.6566534719396249,0.15722688764751583,0.0,0.31075431911509005,0.07028966741888942,0.0,0.6048610854204433,4.27657134401243,1.0044023528541304,2.099441382116829,1.6629055528837262,0.03757484718297333
240,Upper East Side-Lenox Hill-Roosevelt Island,23005,1281,2015,647,2713,4684,2800,721,1777,133,61,657,109,491,438,3808,734,2442,472,79296,29.01155165456013,29.01155165456013,1.6154661016949152,2.54111178369653,0.8159301856335754,3.4213579499596447,5.906981436642454,3.531073446327684,0.9092514124293785,2.2409705407586764,0.16772598870056496,0.07692695722356739,0.8285411622276029,0.13745964487489912,0.6191989507667474,0.552360774818402,4.80225988700565,0.9256456820016141,3.0796004842615012,0.5952380952380952,0.03658639988720759
241,Upper East Side-Yorkville,16939,1015,1204,702,1982,2380,2445,955,1100,325,15,878,267,79,325,2682,737,1251,568,78950,21.455351488283725,21.455351488283725,1.285623812539582,1.5250158328055732,0.889170360987967,2.5104496516782775,3.014566181127296,3.096896770107663,1.2096263457884737,1.3932868904369855,0.41165294490183657,0.018999366687777075,1.1120962634578848,0.3381887270424319,0.10006333122229258,0.41165294490183657,3.3970867637745408,0.9335022165927803,1.584547181760608,0.7194426852438253,0.027175872689403073
242,Upper West Side (Central),20014,1544,1364,831,3013,1762,1065,621,955,207,21,29,296,147,1318,5700,1811,1650,1113,99128,20.190057299652974,20.190057299652974,1.5575821160519732,1.3759987087402148,0.8383100637559519,3.0395044790573804,1.7774997982406584,1.0743684932612378,0.6264627552255669,0.9634008554596079,0.20882091840852235,0.021184730853038496,0.029255104511338878,0.29860382535711405,0.14829311597126948,1.3295940602049874,5.75014123153902,1.8269308368977482,1.6645145670244534,1.1227907352110402,0.02036766332383683
243,Upper West Side-Lincoln Square,18362,880,1291,1229,2010,4982,1454,1327,647,56,23,527,147,75,419,2479,346,1094,760,68212,26.919017181727554,26.919017181727554,1.290095584354659,1.8926288629566645,1.8017357649680408,2.9466955960828005,7.303700228698763,2.131589749604175,1.9454055004984458,0.9485134580425731,0.08209699173166012,0.033718407318360406,0.7725913329033014,0.21550460329560783,0.1099513282120448,0.6142614202779569,3.634257901835454,0.5072421274849,1.6038233741863601,1.1141734592153874,0.03946375591058399
244,Upper West Side-Manhattan Valley,11950,573,258,343,939,2693,511,392,417,245,0,89,176,97,65,4926,1145,1184,164,51421,23.239532486727214,23.239532486727214,1.1143307209116897,0.5017405340230645,0.6670426479453919,1.8261021761537117,5.237159915209739,0.9937574142859921,0.7623344547947336,0.8109527235954181,0.4764590342467085,0.0,0.17308103693043697,0.34227261235681916,0.18863888294665604,0.12640749888177982,9.579743684486882,2.226716711071352,2.30256121040042,0.3189358433324906,0.04519463348967778
245,Van Cortlandt Park,0,0,0,0,0,0,0,0,0,0,0,0,0,0,0,0,0,0,0,56,0.0,0.0,0.0,0.0,0.0,0.0,0.0,0.0,0.0,0.0,0.0,0.0,0.0,0.0,0.0,0.0,0.0,0.0,0.0,0.0,0.0
246,Wakefield-Woodlawn,20880,661,0,316,270,61,295,185,44,31,12,54,0,2505,0,16348,878,3358,40,49697,42.01460852767773,42.01460852767773,1.3300601645974606,0.0,0.6358532708211764,0.5432923516510051,0.12274382759522708,0.5935971990260982,0.3722558705756887,0.08853653138016379,0.0623780107451154,0.02414632674004467,0.10865847033020101,0.0,5.040545706984325,0.0,32.89534579552086,1.7667062398132685,6.7569470994225,0.0804877558001489,0.08454153878036447
247,Washington Heights (North),32223,382,505,349,2131,610,488,290,348,280,0,31,43,180,92,26176,3066,2994,277,75554,42.6489663022474,42.6489663022474,0.5055986446779787,0.6683961140376419,0.4619212748497763,2.820499245572703,0.807369563491013,0.6458956507928104,0.38383143182359636,0.4605977181883157,0.3705958652089896,0.0,0.04103025650528099,0.05691293644280911,0.2382401990629219,0.12176721285438229,34.64541917039469,4.058024724038436,3.9627286444132674,0.36662519522460757,0.05644832345375149
248,Washington Heights (South),34050,273,345,263,446,677,619,766,324,34,73,100,62,155,128,29657,3369,3018,73,74814,45.512871922367474,45.512871922367474,0.3649049643114925,0.46114363621782023,0.35153848210228034,0.5961451065308632,0.9049108455636645,0.8273852487502339,1.023872537225653,0.43307402357847463,0.04544603951132141,0.09757532012724891,0.1336648220921218,0.08287218969711552,0.2071804742427888,0.1710909722779159,39.64097628786056,4.503167856283583,4.034004330740236,0.09757532012724891,0.06083469928404773
249,West Farms,5334,0,0,72,9,0,58,6,13,23,47,0,0,222,0,4868,620,394,0,17898,29.802212537713714,29.802212537713714,0.0,0.0,0.4022795843110962,0.05028494803888703,0.0,0.3240585540283831,0.03352329869259135,0.07263381383394793,0.12850597832160018,0.26259917309196557,0.0,0.0,1.24036205162588,0.0,27.19856967258912,3.4640741982344396,2.201363280813499,0.0,0.16651141210031128
250,West New Brighton-Silver Lake-Grymes Hill,7971,65,153,381,1355,478,613,129,330,24,23,213,10,504,71,3393,852,1368,78,35491,22.459215012256628,22.459215012256628,0.18314502268180666,0.43109520723563727,1.0735115944887434,3.8178693189822774,1.3468203206446705,1.727198444676115,0.36347242963004706,0.9298131920768645,0.06762277760559014,0.0648051618720239,0.6001521512496125,0.028176157335662564,1.4200783297173931,0.2000507170832042,9.560170183990307,2.40060860499845,3.854498323518638,0.21977402721816797,0.06328143758208174
251,West Village,5963,1208,602,666,361,775,143,166,321,103,33,48,71,8,270,694,302,373,491,32518,18.337536133833567,18.337536133833567,3.7148656128913213,1.8512823666892182,2.048096438895381,1.1101543760378867,2.3832954056215017,0.4397564425856449,0.5104864997847346,0.9871455809090349,0.3167476474567932,0.10148225598130266,0.14761055415462204,0.21834061135371177,0.02460175902577034,0.8303093671197491,2.134202595485577,0.9287164032228303,1.1470570145765422,1.5099329602066547,0.05639195563636622
252,Westchester Square,6692,42,20,0,69,150,2321,174,95,10,0,0,0,91,0,3702,857,900,0,15387,43.49125885487749,43.49125885487749,0.2729576915578085,0.12997985312276597,0.0,0.4484304932735426,0.9748488984207447,15.084161954896992,1.130824722168064,0.6174043023331384,0.06498992656138299,0.0,0.0,0.0,0.5914083317085852,0.0,24.059270813023982,5.569636706310522,5.849093390524469,0.0,0.2826493719040586
253,Westerleigh-Castleton Corners,6075,61,65,396,1037,750,1167,490,601,57,0,81,0,0,0,1221,999,74,97,31582,19.235640554746375,19.235640554746375,0.1931479956937496,0.20581343803432336,1.2538787917168008,3.283515926793743,2.374770438857577,3.6951428028623896,1.5515166867202839,1.9029827116712053,0.18048255335317587,0.0,0.25647520739661833,0.0,0.0,0.0,3.8661262744601355,3.1631942245582927,0.23431068330061425,0.30713697675891327,0.060906974082535544
254,Whitestone-Beechhurst,9897,151,63,1822,514,4275,223,453,326,8,0,279,0,12,0,1758,545,986,13,28685,34.50235314624368,34.50235314624368,0.5264075300679798,0.2196269827435942,6.351751786648075,1.7918772877810702,14.903259543315322,0.7774097960606589,1.5792225902039394,1.1364824821335193,0.027889140665853233,0.0,0.9726337807216314,0.0,0.041833710998779854,0.0,6.128638661321248,1.8999477078612517,3.437336587066411,0.0453198535820115,0.12028012252481672
255,Williamsbridge-Olinville,21740,161,0,38,183,11,268,260,48,28,0,37,0,2686,0,17810,1568,2008,43,57777,37.62742960001385,37.62742960001385,0.27865759731381,0.0,0.06577011613617875,0.3167350329715977,0.01903871782889385,0.4638523980130501,0.45000605777385466,0.08307804143517317,0.048462190837184345,0.0,0.06403932360627931,0.0,4.648908735309899,0.0,30.825414957509047,2.7138826868823234,3.4754314000380773,0.07442407878567596,0.06512527407102107
256,Williamsburg,16137,1157,1362,662,1542,1632,736,402,703,109,0,168,96,34,984,6170,1120,1701,380,66064,24.42631387745217,24.42631387745217,1.7513320416565752,2.0616372002906274,1.0020586098328894,2.3341002664083312,2.4703317994671834,1.1140712036812788,0.6085008476628724,1.0641196415596996,0.16499152337127634,0.0,0.2542988617098571,0.1453136352627755,0.05146524582223298,1.4894647614434489,9.339428433034632,1.6953257447323806,2.574775974812303,0.5751998062484863,0.036973713183355794
257,Windsor Terrace-South Slope,5072,261,456,254,982,611,330,262,107,8,0,55,18,26,43,1518,745,455,141,25602,19.810952269353958,19.810952269353958,1.0194516053433327,1.781110850714788,0.9921099914069214,3.835637840793688,2.3865323021638933,1.2889617998593859,1.0233575501913914,0.41793609874228577,0.031247558784469963,0.0,0.21482696664323098,0.07030700726505743,0.10155456604952738,0.16795562846652606,5.929224279353176,2.9099289118037652,1.7772049058667292,0.5507382235762831,0.07738048695162081
258,Woodhaven,21605,114,87,119,1499,3528,1542,753,296,0,0,47,0,63,0,13482,2010,6487,75,41182,52.4622407848089,52.4622407848089,0.27681996988975766,0.21125734544218347,0.2889611966393084,3.639939779515322,8.566849594483026,3.744354329561459,1.8284687484823468,0.7187606235734059,0.0,0.0,0.11412753144577727,0.0,0.15297945704433974,0.0,32.73760380748871,4.880773153319411,15.752027584867175,0.18211840124326162,0.12739119223157908
259,Woodlawn Cemetery,0,0,0,0,0,0,0,0,0,0,0,0,0,0,0,0,0,0,0,0,,,,,,,,,,,,,,,,,,,,,
260,Woodside,28845,489,150,788,1329,4182,5904,3999,322,5,0,165,0,30,14,11376,5027,4939,25,47886,60.236812429520114,60.236812429520114,1.0211752913168777,0.31324395439168023,1.6455749070709604,2.775341435910287,8.733241448440046,12.329282044856535,8.351083824082195,0.6724303554274735,0.010441465146389342,0.0,0.3445683498308483,0.0,0.06264879087833605,0.029236102409890156,23.756421501065027,10.497849058179844,10.31407927160339,0.052207325731946704,0.1257921155024853
261,Yankee Stadium-Macombs Dam Park,0,0,0,0,0,0,0,0,0,0,0,0,0,0,0,0,0,0,0,0,,,,,,,,,,,,,,,,,,,,,
