Arrest Date,1 Convicted Criminal,2 Pending Criminal Charges,3 Other Immigration Violator,1 Convicted Criminal (7-day avg),2 Pending Criminal Charges (7-day avg),3 Other Immigration Violator (7-day avg)
2024-06-01,0.0,0.0,0.0,0.7142857142857143,0.7142857142857143,5.428571428571429
2024-06-02,0.0,0.0,0.0,0.7142857142857143,0.7142857142857143,5.428571428571429
2024-06-03,0.0,4.0,9.0,0.7142857142857143,1.2857142857142858,6.714285714285714
2024-06-04,1.0,3.0,9.0,0.8571428571428571,1.4285714285714286,6.571428571428571
2024-06-05,5.0,0.0,8.0,1.5714285714285714,1.1428571428571428,6.428571428571429
2024-06-06,4.0,1.0,7.0,1.5714285714285714,1.1428571428571428,5.0
2024-06-07,0.0,0.0,4.0,1.4285714285714286,1.1428571428571428,5.285714285714286
2024-06-08,0.0,0.0,1.0,1.4285714285714286,1.1428571428571428,5.428571428571429
2024-06-09,0.0,0.0,0.0,1.4285714285714286,1.1428571428571428,5.428571428571429
2024-06-10,2.0,0.0,15.0,1.7142857142857142,0.5714285714285714,6.285714285714286
2024-06-11,1.0,0.0,11.0,1.7142857142857142,0.14285714285714285,6.571428571428571
2024-06-12,5.0,1.0,20.0,1.7142857142857142,0.2857142857142857,8.285714285714286
2024-06-13,4.0,1.0,9.0,1.7142857142857142,0.2857142857142857,8.571428571428571
2024-06-14,4.0,0.0,3.0,2.2857142857142856,0.2857142857142857,8.428571428571429
2024-06-15,0.0,0.0,0.0,2.2857142857142856,0.2857142857142857,8.285714285714286
2024-06-16,0.0,0.0,0.0,2.2857142857142856,0.2857142857142857,8.285714285714286
2024-06-17,0.0,0.0,15.0,2.0,0.2857142857142857,8.285714285714286
2024-06-18,2.0,2.0,5.0,2.142857142857143,0.5714285714285714,7.428571428571429
2024-06-19,0.0,0.0,0.0,1.4285714285714286,0.42857142857142855,4.571428571428571
2024-06-20,2.0,1.0,11.0,1.1428571428571428,0.42857142857142855,4.857142857142857
2024-06-21,3.0,1.0,3.0,1.0,0.5714285714285714,4.857142857142857
2024-06-22,0.0,0.0,0.0,1.0,0.5714285714285714,4.857142857142857
2024-06-23,0.0,0.0,0.0,1.0,0.5714285714285714,4.857142857142857
2024-06-24,1.0,0.0,18.0,1.1428571428571428,0.5714285714285714,5.285714285714286
2024-06-25,4.0,1.0,16.0,1.4285714285714286,0.42857142857142855,6.857142857142857
2024-06-26,3.0,1.0,12.0,1.8571428571428572,0.5714285714285714,8.571428571428571
2024-06-27,3.0,2.0,5.0,2.0,0.7142857142857143,7.714285714285714
2024-06-28,1.0,0.0,3.0,1.7142857142857142,0.5714285714285714,7.714285714285714
2024-06-29,0.0,0.0,0.0,1.7142857142857142,0.5714285714285714,7.714285714285714
2024-06-30,0.0,0.0,0.0,1.7142857142857142,0.5714285714285714,7.714285714285714
2024-07-01,0.0,0.0,6.0,1.5714285714285714,0.5714285714285714,6.0
2024-07-02,1.0,3.0,9.0,1.1428571428571428,0.8571428571428571,5.0
2024-07-03,2.0,1.0,8.0,1.0,0.8571428571428571,4.428571428571429
2024-07-04,0.0,0.0,0.0,0.5714285714285714,0.5714285714285714,3.7142857142857144
2024-07-05,1.0,0.0,2.0,0.5714285714285714,0.5714285714285714,3.5714285714285716
2024-07-06,0.0,0.0,0.0,0.5714285714285714,0.5714285714285714,3.5714285714285716
2024-07-07,0.0,0.0,0.0,0.5714285714285714,0.5714285714285714,3.5714285714285716
2024-07-08,2.0,0.0,6.0,0.8571428571428571,0.5714285714285714,3.5714285714285716
2024-07-09,2.0,2.0,12.0,1.0,0.42857142857142855,4.0
2024-07-10,7.0,1.0,6.0,1.7142857142857142,0.42857142857142855,3.7142857142857144
2024-07-11,3.0,0.0,3.0,2.142857142857143,0.42857142857142855,4.142857142857143
2024-07-12,1.0,0.0,2.0,2.142857142857143,0.42857142857142855,4.142857142857143
2024-07-13,0.0,0.0,0.0,2.142857142857143,0.42857142857142855,4.142857142857143
2024-07-14,0.0,0.0,0.0,2.142857142857143,0.42857142857142855,4.142857142857143
2024-07-15,0.0,2.0,9.0,1.8571428571428572,0.7142857142857143,4.571428571428571
2024-07-16,2.0,2.0,3.0,1.8571428571428572,0.7142857142857143,3.2857142857142856
2024-07-17,3.0,0.0,22.0,1.2857142857142858,0.5714285714285714,5.571428571428571
2024-07-18,3.0,1.0,8.0,1.2857142857142858,0.7142857142857143,6.285714285714286
2024-07-19,6.0,1.0,2.0,2.0,0.8571428571428571,6.285714285714286
2024-07-20,0.0,0.0,0.0,2.0,0.8571428571428571,6.285714285714286
2024-07-21,0.0,0.0,1.0,2.0,0.8571428571428571,6.428571428571429
2024-07-22,1.0,1.0,14.0,2.142857142857143,0.7142857142857143,7.142857142857143
2024-07-23,2.0,1.0,6.0,2.142857142857143,0.5714285714285714,7.571428571428571
2024-07-24,2.0,0.0,5.0,2.0,0.5714285714285714,5.142857142857143
2024-07-25,3.0,1.0,14.0,2.0,0.5714285714285714,6.0
2024-07-26,1.0,0.0,5.0,1.2857142857142858,0.42857142857142855,6.428571428571429
2024-07-27,0.0,0.0,0.0,1.2857142857142858,0.42857142857142855,6.428571428571429
2024-07-28,0.0,0.0,0.0,1.2857142857142858,0.42857142857142855,6.285714285714286
2024-07-29,1.0,1.0,23.0,1.2857142857142858,0.42857142857142855,7.571428571428571
2024-07-30,1.0,0.0,18.0,1.1428571428571428,0.2857142857142857,9.285714285714286
2024-07-31,2.0,2.0,11.0,1.1428571428571428,0.5714285714285714,10.142857142857142
2024-08-01,5.0,1.0,11.0,1.4285714285714286,0.5714285714285714,9.714285714285714
2024-08-02,1.0,0.0,2.0,1.4285714285714286,0.5714285714285714,9.285714285714286
2024-08-03,0.0,0.0,0.0,1.4285714285714286,0.5714285714285714,9.285714285714286
2024-08-04,0.0,0.0,0.0,1.4285714285714286,0.5714285714285714,9.285714285714286
2024-08-05,1.0,0.0,2.0,1.4285714285714286,0.42857142857142855,6.285714285714286
2024-08-06,1.0,0.0,7.0,1.4285714285714286,0.42857142857142855,4.714285714285714
2024-08-07,4.0,1.0,15.0,1.7142857142857142,0.2857142857142857,5.285714285714286
2024-08-08,1.0,2.0,16.0,1.1428571428571428,0.42857142857142855,6.0
2024-08-09,3.0,1.0,0.0,1.4285714285714286,0.5714285714285714,5.714285714285714
2024-08-10,0.0,0.0,0.0,1.4285714285714286,0.5714285714285714,5.714285714285714
2024-08-11,0.0,0.0,0.0,1.4285714285714286,0.5714285714285714,5.714285714285714
2024-08-12,0.0,0.0,25.0,1.2857142857142858,0.5714285714285714,9.0
2024-08-13,6.0,0.0,2.0,2.0,0.5714285714285714,8.285714285714286
2024-08-14,0.0,0.0,6.0,1.4285714285714286,0.42857142857142855,7.0
2024-08-15,2.0,1.0,6.0,1.5714285714285714,0.2857142857142857,5.571428571428571
2024-08-16,5.0,0.0,0.0,1.8571428571428572,0.14285714285714285,5.571428571428571
2024-08-17,0.0,0.0,0.0,1.8571428571428572,0.14285714285714285,5.571428571428571
2024-08-18,0.0,0.0,0.0,1.8571428571428572,0.14285714285714285,5.571428571428571
2024-08-19,1.0,0.0,8.0,2.0,0.14285714285714285,3.142857142857143
2024-08-20,2.0,3.0,8.0,1.4285714285714286,0.5714285714285714,4.0
2024-08-21,0.0,1.0,6.0,1.4285714285714286,0.7142857142857143,4.0
2024-08-22,0.0,1.0,10.0,1.1428571428571428,0.7142857142857143,4.571428571428571
2024-08-23,3.0,0.0,1.0,0.8571428571428571,0.7142857142857143,4.714285714285714
2024-08-24,0.0,0.0,0.0,0.8571428571428571,0.7142857142857143,4.714285714285714
2024-08-25,0.0,0.0,0.0,0.8571428571428571,0.7142857142857143,4.714285714285714
2024-08-26,2.0,0.0,3.0,1.0,0.7142857142857143,4.0
2024-08-27,2.0,3.0,10.0,1.0,0.7142857142857143,4.285714285714286
2024-08-28,1.0,1.0,7.0,1.1428571428571428,0.7142857142857143,4.428571428571429
2024-08-29,0.0,0.0,6.0,1.1428571428571428,0.5714285714285714,3.857142857142857
2024-08-30,3.0,0.0,2.0,1.1428571428571428,0.5714285714285714,4.0
2024-08-31,0.0,0.0,0.0,1.1428571428571428,0.5714285714285714,4.0
2024-09-01,0.0,0.0,0.0,1.1428571428571428,0.5714285714285714,4.0
2024-09-02,0.0,0.0,0.0,0.8571428571428571,0.5714285714285714,3.5714285714285716
2024-09-03,0.0,0.0,5.0,0.5714285714285714,0.14285714285714285,2.857142857142857
2024-09-04,0.0,1.0,6.0,0.42857142857142855,0.14285714285714285,2.7142857142857144
2024-09-05,0.0,0.0,1.0,0.42857142857142855,0.14285714285714285,2.0
2024-09-06,5.0,0.0,2.0,0.7142857142857143,0.14285714285714285,2.0
2024-09-07,0.0,0.0,0.0,0.7142857142857143,0.14285714285714285,2.0
2024-09-08,0.0,0.0,0.0,0.7142857142857143,0.14285714285714285,2.0
2024-09-09,1.0,2.0,8.0,0.8571428571428571,0.42857142857142855,3.142857142857143
2024-09-10,2.0,1.0,3.0,1.1428571428571428,0.5714285714285714,2.857142857142857
2024-09-11,1.0,0.0,4.0,1.2857142857142858,0.42857142857142855,2.5714285714285716
2024-09-12,3.0,1.0,6.0,1.7142857142857142,0.5714285714285714,3.2857142857142856
2024-09-13,2.0,0.0,2.0,1.2857142857142858,0.5714285714285714,3.2857142857142856
2024-09-14,0.0,0.0,0.0,1.2857142857142858,0.5714285714285714,3.2857142857142856
2024-09-15,0.0,0.0,0.0,1.2857142857142858,0.5714285714285714,3.2857142857142856
2024-09-16,0.0,0.0,8.0,1.1428571428571428,0.2857142857142857,3.2857142857142856
2024-09-17,1.0,1.0,7.0,1.0,0.2857142857142857,3.857142857142857
2024-09-18,0.0,0.0,3.0,0.8571428571428571,0.2857142857142857,3.7142857142857144
2024-09-19,5.0,1.0,7.0,1.1428571428571428,0.2857142857142857,3.857142857142857
2024-09-20,3.0,1.0,2.0,1.2857142857142858,0.42857142857142855,3.857142857142857
2024-09-21,0.0,1.0,0.0,1.2857142857142858,0.5714285714285714,3.857142857142857
2024-09-22,0.0,0.0,0.0,1.2857142857142858,0.5714285714285714,3.857142857142857
2024-09-23,1.0,0.0,4.0,1.4285714285714286,0.5714285714285714,3.2857142857142856
2024-09-24,3.0,1.0,17.0,1.7142857142857142,0.5714285714285714,4.714285714285714
2024-09-25,1.0,0.0,6.0,1.8571428571428572,0.5714285714285714,5.142857142857143
2024-09-26,2.0,1.0,9.0,1.4285714285714286,0.5714285714285714,5.428571428571429
2024-09-27,4.0,2.0,3.0,1.5714285714285714,0.7142857142857143,5.571428571428571
2024-09-28,1.0,0.0,0.0,1.7142857142857142,0.5714285714285714,5.571428571428571
2024-09-29,0.0,0.0,0.0,1.7142857142857142,0.5714285714285714,5.571428571428571
2024-09-30,1.0,2.0,4.0,1.7142857142857142,0.8571428571428571,5.571428571428571
2024-10-01,2.0,1.0,2.0,1.5714285714285714,0.8571428571428571,3.4285714285714284
2024-10-02,2.0,0.0,7.0,1.7142857142857142,0.8571428571428571,3.5714285714285716
2024-10-03,4.0,3.0,5.0,2.0,1.1428571428571428,3.0
2024-10-04,2.0,0.0,3.0,1.7142857142857142,0.8571428571428571,3.0
2024-10-05,0.0,0.0,0.0,1.5714285714285714,0.8571428571428571,3.0
2024-10-06,0.0,0.0,0.0,1.5714285714285714,0.8571428571428571,3.0
2024-10-07,2.0,0.0,3.0,1.7142857142857142,0.5714285714285714,2.857142857142857
2024-10-08,5.0,1.0,2.0,2.142857142857143,0.5714285714285714,2.857142857142857
2024-10-09,1.0,5.0,1.0,2.0,1.2857142857142858,2.0
2024-10-10,2.0,2.0,7.0,1.7142857142857142,1.1428571428571428,2.2857142857142856
2024-10-11,4.0,0.0,2.0,2.0,1.1428571428571428,2.142857142857143
2024-10-12,1.0,0.0,0.0,2.142857142857143,1.1428571428571428,2.142857142857143
2024-10-13,0.0,0.0,0.0,2.142857142857143,1.1428571428571428,2.142857142857143
2024-10-14,0.0,0.0,0.0,1.8571428571428572,1.1428571428571428,1.7142857142857142
2024-10-15,0.0,4.0,9.0,1.1428571428571428,1.5714285714285714,2.7142857142857144
2024-10-16,4.0,2.0,5.0,1.5714285714285714,1.1428571428571428,3.2857142857142856
2024-10-17,3.0,1.0,0.0,1.7142857142857142,1.0,2.2857142857142856
2024-10-18,1.0,0.0,4.0,1.2857142857142858,1.0,2.5714285714285716
2024-10-19,0.0,0.0,0.0,1.1428571428571428,1.0,2.5714285714285716
2024-10-20,0.0,0.0,0.0,1.1428571428571428,1.0,2.5714285714285716
2024-10-21,1.0,5.0,21.0,1.2857142857142858,1.7142857142857142,5.571428571428571
2024-10-22,3.0,3.0,5.0,1.7142857142857142,1.5714285714285714,5.0
2024-10-23,3.0,1.0,4.0,1.5714285714285714,1.4285714285714286,4.857142857142857
2024-10-24,1.0,1.0,6.0,1.2857142857142858,1.4285714285714286,5.714285714285714
2024-10-25,1.0,0.0,2.0,1.2857142857142858,1.4285714285714286,5.428571428571429
2024-10-26,0.0,0.0,0.0,1.2857142857142858,1.4285714285714286,5.428571428571429
2024-10-27,0.0,0.0,0.0,1.2857142857142858,1.4285714285714286,5.428571428571429
2024-10-28,2.0,4.0,3.0,1.4285714285714286,1.2857142857142858,2.857142857142857
2024-10-29,1.0,0.0,7.0,1.1428571428571428,0.8571428571428571,3.142857142857143
2024-10-30,2.0,0.0,9.0,1.0,0.7142857142857143,3.857142857142857
2024-10-31,1.0,0.0,16.0,1.0,0.5714285714285714,5.285714285714286
2024-11-01,2.0,0.0,0.0,1.1428571428571428,0.5714285714285714,5.0
2024-11-02,0.0,0.0,1.0,1.1428571428571428,0.5714285714285714,5.142857142857143
2024-11-03,0.0,0.0,0.0,1.1428571428571428,0.5714285714285714,5.142857142857143
2024-11-04,1.0,0.0,15.0,1.0,0.0,6.857142857142857
2024-11-05,2.0,0.0,4.0,1.1428571428571428,0.0,6.428571428571429
2024-11-06,1.0,4.0,10.0,1.0,0.5714285714285714,6.571428571428571
2024-11-07,3.0,0.0,5.0,1.2857142857142858,0.5714285714285714,5.0
2024-11-08,1.0,2.0,0.0,1.1428571428571428,0.8571428571428571,5.0
2024-11-09,0.0,0.0,0.0,1.1428571428571428,0.8571428571428571,4.857142857142857
2024-11-10,0.0,0.0,0.0,1.1428571428571428,0.8571428571428571,4.857142857142857
2024-11-11,0.0,0.0,0.0,1.0,0.8571428571428571,2.7142857142857144
2024-11-12,5.0,0.0,7.0,1.4285714285714286,0.8571428571428571,3.142857142857143
2024-11-13,2.0,1.0,11.0,1.5714285714285714,0.42857142857142855,3.2857142857142856
2024-11-14,2.0,2.0,3.0,1.4285714285714286,0.7142857142857143,3.0
2024-11-15,2.0,1.0,4.0,1.5714285714285714,0.5714285714285714,3.5714285714285716
2024-11-16,0.0,0.0,0.0,1.5714285714285714,0.5714285714285714,3.5714285714285716
2024-11-17,0.0,0.0,0.0,1.5714285714285714,0.5714285714285714,3.5714285714285716
2024-11-18,1.0,2.0,2.0,1.7142857142857142,0.8571428571428571,3.857142857142857
2024-11-19,2.0,1.0,9.0,1.2857142857142858,1.0,4.142857142857143
2024-11-20,3.0,1.0,6.0,1.4285714285714286,1.0,3.4285714285714284
2024-11-21,4.0,0.0,1.0,1.7142857142857142,0.7142857142857143,3.142857142857143
2024-11-22,1.0,3.0,4.0,1.5714285714285714,1.0,3.142857142857143
2024-11-23,0.0,0.0,0.0,1.5714285714285714,1.0,3.142857142857143
2024-11-24,0.0,0.0,0.0,1.5714285714285714,1.0,3.142857142857143
2024-11-25,1.0,0.0,4.0,1.5714285714285714,0.7142857142857143,3.4285714285714284
2024-11-26,3.0,4.0,14.0,1.7142857142857142,1.1428571428571428,4.142857142857143
2024-11-27,0.0,1.0,2.0,1.2857142857142858,1.1428571428571428,3.5714285714285716
2024-11-28,0.0,0.0,0.0,0.7142857142857143,1.1428571428571428,3.4285714285714284
2024-11-29,1.0,0.0,0.0,0.7142857142857143,0.7142857142857143,2.857142857142857
2024-11-30,0.0,0.0,0.0,0.7142857142857143,0.7142857142857143,2.857142857142857
2024-12-01,0.0,0.0,0.0,0.7142857142857143,0.7142857142857143,2.857142857142857
2024-12-02,0.0,1.0,4.0,0.5714285714285714,0.8571428571428571,2.857142857142857
2024-12-03,2.0,1.0,2.0,0.42857142857142855,0.42857142857142855,1.1428571428571428
2024-12-04,5.0,1.0,10.0,1.1428571428571428,0.42857142857142855,2.2857142857142856
2024-12-05,1.0,2.0,2.0,1.2857142857142858,0.7142857142857143,2.5714285714285716
2024-12-06,6.0,1.0,5.0,2.0,0.8571428571428571,3.2857142857142856
2024-12-07,0.0,0.0,0.0,2.0,0.8571428571428571,3.2857142857142856
2024-12-08,0.0,0.0,0.0,2.0,0.8571428571428571,3.2857142857142856
2024-12-09,1.0,1.0,1.0,2.142857142857143,0.8571428571428571,2.857142857142857
2024-12-10,3.0,1.0,1.0,2.2857142857142856,0.8571428571428571,2.7142857142857144
2024-12-11,1.0,0.0,3.0,1.7142857142857142,0.7142857142857143,1.7142857142857142
2024-12-12,0.0,0.0,5.0,1.5714285714285714,0.42857142857142855,2.142857142857143
2024-12-13,3.0,1.0,1.0,1.1428571428571428,0.42857142857142855,1.5714285714285714
2024-12-14,0.0,0.0,0.0,1.1428571428571428,0.42857142857142855,1.5714285714285714
2024-12-15,0.0,0.0,0.0,1.1428571428571428,0.42857142857142855,1.5714285714285714
2024-12-16,1.0,2.0,7.0,1.1428571428571428,0.5714285714285714,2.4285714285714284
2024-12-17,4.0,1.0,7.0,1.2857142857142858,0.5714285714285714,3.2857142857142856
2024-12-18,2.0,0.0,2.0,1.4285714285714286,0.5714285714285714,3.142857142857143
2024-12-19,3.0,1.0,0.0,1.8571428571428572,0.7142857142857143,2.4285714285714284
2024-12-20,2.0,1.0,0.0,1.7142857142857142,0.7142857142857143,2.2857142857142856
2024-12-21,0.0,0.0,0.0,1.7142857142857142,0.7142857142857143,2.2857142857142856
2024-12-22,0.0,0.0,0.0,1.7142857142857142,0.7142857142857143,2.2857142857142856
2024-12-23,0.0,0.0,1.0,1.5714285714285714,0.42857142857142855,1.4285714285714286
2024-12-24,1.0,0.0,0.0,1.1428571428571428,0.2857142857142857,0.42857142857142855
2024-12-25,0.0,0.0,0.0,0.8571428571428571,0.2857142857142857,0.14285714285714285
2024-12-26,0.0,1.0,2.0,0.42857142857142855,0.2857142857142857,0.42857142857142855
2024-12-27,3.0,0.0,4.0,0.5714285714285714,0.14285714285714285,1.0
2024-12-28,0.0,0.0,0.0,0.5714285714285714,0.14285714285714285,1.0
2024-12-29,0.0,0.0,0.0,0.5714285714285714,0.14285714285714285,1.0
2024-12-30,1.0,0.0,5.0,0.7142857142857143,0.14285714285714285,1.5714285714285714
2024-12-31,1.0,0.0,0.0,0.7142857142857143,0.14285714285714285,1.5714285714285714
2025-01-01,0.0,0.0,0.0,0.7142857142857143,0.14285714285714285,1.5714285714285714
2025-01-02,0.0,0.0,5.0,0.7142857142857143,0.0,2.0
2025-01-03,1.0,0.0,0.0,0.42857142857142855,0.0,1.4285714285714286
2025-01-04,0.0,0.0,0.0,0.42857142857142855,0.0,1.4285714285714286
2025-01-05,0.0,0.0,0.0,0.42857142857142855,0.0,1.4285714285714286
2025-01-06,2.0,0.0,3.0,0.5714285714285714,0.0,1.1428571428571428
2025-01-07,2.0,0.0,2.0,0.7142857142857143,0.0,1.4285714285714286
2025-01-08,4.0,0.0,2.0,1.2857142857142858,0.0,1.7142857142857142
2025-01-09,1.0,0.0,0.0,1.4285714285714286,0.0,1.0
2025-01-10,1.0,0.0,2.0,1.4285714285714286,0.0,1.2857142857142858
2025-01-11,0.0,0.0,0.0,1.4285714285714286,0.0,1.2857142857142858
2025-01-12,1.0,0.0,0.0,1.5714285714285714,0.0,1.2857142857142858
2025-01-13,1.0,5.0,4.0,1.4285714285714286,0.7142857142857143,1.4285714285714286
2025-01-14,2.0,1.0,2.0,1.4285714285714286,0.8571428571428571,1.4285714285714286
2025-01-15,6.0,3.0,6.0,1.7142857142857142,1.2857142857142858,2.0
2025-01-16,4.0,0.0,3.0,2.142857142857143,1.2857142857142858,2.4285714285714284
2025-01-17,1.0,0.0,3.0,2.142857142857143,1.2857142857142858,2.5714285714285716
2025-01-18,0.0,0.0,0.0,2.142857142857143,1.2857142857142858,2.5714285714285716
2025-01-19,0.0,0.0,0.0,2.0,1.2857142857142858,2.5714285714285716
2025-01-20,0.0,0.0,0.0,1.8571428571428572,0.5714285714285714,2.0
2025-01-21,0.0,0.0,0.0,1.5714285714285714,0.42857142857142855,1.7142857142857142
2025-01-22,6.0,4.0,4.0,1.5714285714285714,0.5714285714285714,1.4285714285714286
2025-01-23,4.0,2.0,3.0,1.5714285714285714,0.8571428571428571,1.4285714285714286
2025-01-24,6.0,0.0,1.0,2.2857142857142856,0.8571428571428571,1.1428571428571428
2025-01-25,1.0,0.0,0.0,2.4285714285714284,0.8571428571428571,1.1428571428571428
2025-01-26,0.0,0.0,0.0,2.4285714285714284,0.8571428571428571,1.1428571428571428
2025-01-27,4.0,2.0,2.0,3.0,1.1428571428571428,1.4285714285714286
2025-01-28,12.0,5.0,21.0,4.714285714285714,1.8571428571428572,4.428571428571429
2025-01-29,7.0,2.0,2.0,4.857142857142857,1.5714285714285714,4.142857142857143
2025-01-30,4.0,2.0,5.0,4.857142857142857,1.5714285714285714,4.428571428571429
2025-01-31,10.0,3.0,5.0,5.428571428571429,2.0,5.0
2025-02-01,2.0,0.0,0.0,5.571428571428571,2.0,5.0
2025-02-02,0.0,1.0,1.0,5.571428571428571,2.142857142857143,5.142857142857143
2025-02-03,13.0,1.0,12.0,6.857142857142857,2.0,6.571428571428571
2025-02-04,6.0,0.0,0.0,6.0,1.2857142857142858,3.5714285714285716
2025-02-05,6.0,4.0,5.0,5.857142857142857,1.5714285714285714,4.0
2025-02-06,2.0,3.0,5.0,5.571428571428571,1.7142857142857142,4.0
2025-02-07,6.0,2.0,3.0,5.0,1.5714285714285714,3.7142857142857144
2025-02-08,3.0,0.0,0.0,5.142857142857143,1.5714285714285714,3.7142857142857144
2025-02-09,0.0,0.0,0.0,5.142857142857143,1.4285714285714286,3.5714285714285716
2025-02-10,6.0,0.0,7.0,4.142857142857143,1.2857142857142858,2.857142857142857
2025-02-11,9.0,3.0,9.0,4.571428571428571,1.7142857142857142,4.142857142857143
2025-02-12,2.0,1.0,4.0,4.0,1.2857142857142858,4.0
2025-02-13,11.0,0.0,3.0,5.285714285714286,0.8571428571428571,3.7142857142857144
2025-02-14,4.0,1.0,2.0,5.0,0.7142857142857143,3.5714285714285716
2025-02-15,2.0,1.0,0.0,4.857142857142857,0.8571428571428571,3.5714285714285716
2025-02-16,0.0,0.0,0.0,4.857142857142857,0.8571428571428571,3.5714285714285716
2025-02-17,2.0,0.0,0.0,4.285714285714286,0.8571428571428571,2.5714285714285716
2025-02-18,8.0,2.0,12.0,4.142857142857143,0.7142857142857143,3.0
2025-02-19,8.0,1.0,4.0,5.0,0.7142857142857143,3.0
2025-02-20,9.0,3.0,5.0,4.714285714285714,1.1428571428571428,3.2857142857142856
2025-02-21,7.0,2.0,2.0,5.142857142857143,1.2857142857142858,3.2857142857142856
2025-02-22,0.0,1.0,0.0,4.857142857142857,1.2857142857142858,3.2857142857142856
2025-02-23,2.0,0.0,0.0,5.142857142857143,1.2857142857142858,3.2857142857142856
2025-02-24,5.0,4.0,3.0,5.571428571428571,1.8571428571428572,3.7142857142857144
2025-02-25,6.0,6.0,13.0,5.285714285714286,2.4285714285714284,3.857142857142857
2025-02-26,6.0,3.0,4.0,5.0,2.7142857142857144,3.857142857142857
2025-02-27,8.0,2.0,10.0,4.857142857142857,2.5714285714285716,4.571428571428571
2025-02-28,6.0,1.0,4.0,4.714285714285714,2.4285714285714284,4.857142857142857
2025-03-01,0.0,1.0,0.0,4.714285714285714,2.4285714285714284,4.857142857142857
2025-03-02,1.0,0.0,0.0,4.571428571428571,2.4285714285714284,4.857142857142857
2025-03-03,3.0,1.0,1.0,4.285714285714286,2.0,4.571428571428571
2025-03-04,9.0,2.0,4.0,4.714285714285714,1.4285714285714286,3.2857142857142856
2025-03-05,4.0,5.0,3.0,4.428571428571429,1.7142857142857142,3.142857142857143
2025-03-06,7.0,1.0,1.0,4.285714285714286,1.5714285714285714,1.8571428571428572
2025-03-07,2.0,0.0,0.0,3.7142857142857144,1.4285714285714286,1.2857142857142858
2025-03-08,0.0,1.0,0.0,3.7142857142857144,1.4285714285714286,1.2857142857142858
2025-03-09,0.0,1.0,3.0,3.5714285714285716,1.5714285714285714,1.7142857142857142
2025-03-10,1.0,1.0,2.0,3.2857142857142856,1.5714285714285714,1.8571428571428572
2025-03-11,4.0,3.0,5.0,2.5714285714285716,1.7142857142857142,2.0
2025-03-12,7.0,4.0,3.0,3.0,1.5714285714285714,2.0
2025-03-13,7.0,2.0,1.0,3.0,1.7142857142857142,2.0
2025-03-14,4.0,7.0,5.0,3.2857142857142856,2.7142857142857144,2.7142857142857144
2025-03-15,0.0,0.0,0.0,3.2857142857142856,2.5714285714285716,2.7142857142857144
2025-03-16,1.0,0.0,1.0,3.4285714285714284,2.4285714285714284,2.4285714285714284
2025-03-17,5.0,4.0,5.0,4.0,2.857142857142857,2.857142857142857
2025-03-18,13.0,3.0,1.0,5.285714285714286,2.857142857142857,2.2857142857142856
2025-03-19,2.0,1.0,2.0,4.571428571428571,2.4285714285714284,2.142857142857143
2025-03-20,2.0,0.0,3.0,3.857142857142857,2.142857142857143,2.4285714285714284
2025-03-21,10.0,0.0,6.0,4.714285714285714,1.1428571428571428,2.5714285714285716
2025-03-22,0.0,0.0,0.0,4.714285714285714,1.1428571428571428,2.5714285714285716
2025-03-23,0.0,0.0,0.0,4.571428571428571,1.1428571428571428,2.4285714285714284
2025-03-24,6.0,1.0,5.0,4.714285714285714,0.7142857142857143,2.4285714285714284
2025-03-25,8.0,3.0,3.0,4.0,0.7142857142857143,2.7142857142857144
2025-03-26,2.0,4.0,9.0,4.0,1.1428571428571428,3.7142857142857144
2025-03-27,5.0,3.0,4.0,4.428571428571429,1.5714285714285714,3.857142857142857
2025-03-28,8.0,2.0,6.0,4.142857142857143,1.8571428571428572,3.857142857142857
2025-03-29,0.0,0.0,0.0,4.142857142857143,1.8571428571428572,3.857142857142857
2025-03-30,1.0,0.0,0.0,4.285714285714286,1.8571428571428572,3.857142857142857
2025-03-31,1.0,5.0,6.0,3.5714285714285716,2.4285714285714284,4.0
2025-04-01,7.0,0.0,4.0,3.4285714285714284,2.0,4.142857142857143
2025-04-02,3.0,3.0,8.0,3.5714285714285716,1.8571428571428572,4.0
2025-04-03,3.0,2.0,5.0,3.2857142857142856,1.7142857142857142,4.142857142857143
2025-04-04,5.0,2.0,0.0,2.857142857142857,1.7142857142857142,3.2857142857142856
2025-04-05,0.0,1.0,0.0,2.857142857142857,1.8571428571428572,3.2857142857142856
2025-04-06,7.0,3.0,4.0,3.7142857142857144,2.2857142857142856,3.857142857142857
2025-04-07,20.0,10.0,10.0,6.428571428571429,3.0,4.428571428571429
2025-04-08,12.0,6.0,9.0,7.142857142857143,3.857142857142857,5.142857142857143
2025-04-09,12.0,4.0,19.0,8.428571428571429,4.0,6.714285714285714
2025-04-10,13.0,8.0,15.0,9.857142857142858,4.857142857142857,8.142857142857142
2025-04-11,14.0,7.0,14.0,11.142857142857142,5.571428571428571,10.142857142857142
2025-04-12,3.0,6.0,7.0,11.571428571428571,6.285714285714286,11.142857142857142
2025-04-13,0.0,0.0,0.0,10.571428571428571,5.857142857142857,10.571428571428571
2025-04-14,4.0,2.0,3.0,8.285714285714286,4.714285714285714,9.571428571428571
2025-04-15,9.0,1.0,2.0,7.857142857142857,4.0,8.571428571428571
2025-04-16,4.0,3.0,8.0,6.714285714285714,3.857142857142857,7.0
2025-04-17,3.0,1.0,5.0,5.285714285714286,2.857142857142857,5.571428571428571
2025-04-18,4.0,0.0,2.0,3.857142857142857,1.8571428571428572,3.857142857142857
2025-04-19,0.0,0.0,0.0,3.4285714285714284,1.0,2.857142857142857
2025-04-20,0.0,0.0,0.0,3.4285714285714284,1.0,2.857142857142857
2025-04-21,1.0,1.0,3.0,3.0,0.8571428571428571,2.857142857142857
2025-04-22,7.0,4.0,1.0,2.7142857142857144,1.2857142857142858,2.7142857142857144
2025-04-23,1.0,4.0,6.0,2.2857142857142856,1.4285714285714286,2.4285714285714284
2025-04-24,3.0,3.0,3.0,2.2857142857142856,1.7142857142857142,2.142857142857143
2025-04-25,3.0,2.0,2.0,2.142857142857143,2.0,2.142857142857143
2025-04-26,0.0,1.0,0.0,2.142857142857143,2.142857142857143,2.142857142857143
2025-04-27,1.0,1.0,0.0,2.2857142857142856,2.2857142857142856,2.142857142857143
2025-04-28,4.0,5.0,4.0,2.7142857142857144,2.857142857142857,2.2857142857142856
2025-04-29,6.0,2.0,4.0,2.5714285714285716,2.5714285714285716,2.7142857142857144
2025-04-30,6.0,0.0,9.0,3.2857142857142856,2.0,3.142857142857143
2025-05-01,5.0,1.0,3.0,3.5714285714285716,1.7142857142857142,3.142857142857143
2025-05-02,5.0,1.0,3.0,3.857142857142857,1.5714285714285714,3.2857142857142856
2025-05-03,2.0,1.0,0.0,4.142857142857143,1.5714285714285714,3.2857142857142856
2025-05-04,0.0,0.0,0.0,4.0,1.4285714285714286,3.2857142857142856
2025-05-05,2.0,1.0,1.0,3.7142857142857144,0.8571428571428571,2.857142857142857
2025-05-06,10.0,1.0,1.0,4.285714285714286,0.7142857142857143,2.4285714285714284
2025-05-07,3.0,1.0,4.0,3.857142857142857,0.8571428571428571,1.7142857142857142
2025-05-08,2.0,0.0,4.0,3.4285714285714284,0.7142857142857143,1.8571428571428572
2025-05-09,4.0,2.0,2.0,3.2857142857142856,0.8571428571428571,1.7142857142857142
2025-05-10,1.0,0.0,0.0,3.142857142857143,0.7142857142857143,1.7142857142857142
2025-05-11,0.0,0.0,0.0,3.142857142857143,0.7142857142857143,1.7142857142857142
2025-05-12,7.0,3.0,3.0,3.857142857142857,1.0,2.0
2025-05-13,3.0,3.0,3.0,2.857142857142857,1.2857142857142858,2.2857142857142856
2025-05-14,7.0,2.0,4.0,3.4285714285714284,1.4285714285714286,2.2857142857142856
2025-05-15,5.0,1.0,4.0,3.857142857142857,1.5714285714285714,2.2857142857142856
2025-05-16,4.0,8.0,3.0,3.857142857142857,2.4285714285714284,2.4285714285714284
2025-05-17,0.0,1.0,0.0,3.7142857142857144,2.5714285714285716,2.4285714285714284
2025-05-18,1.0,0.0,0.0,3.857142857142857,2.5714285714285716,2.4285714285714284
2025-05-19,2.0,6.0,3.0,3.142857142857143,3.0,2.4285714285714284
2025-05-20,6.0,4.0,3.0,3.5714285714285716,3.142857142857143,2.4285714285714284
2025-05-21,2.0,3.0,25.0,2.857142857142857,3.2857142857142856,5.428571428571429
2025-05-22,7.0,3.0,10.0,3.142857142857143,3.5714285714285716,6.285714285714286
2025-05-23,6.0,2.0,9.0,3.4285714285714284,2.7142857142857144,7.142857142857143
2025-05-24,2.0,0.0,1.0,3.7142857142857144,2.5714285714285716,7.285714285714286
2025-05-25,0.0,2.0,1.0,3.5714285714285716,2.857142857142857,7.428571428571429
2025-05-26,2.0,2.0,1.0,3.5714285714285716,2.2857142857142856,7.142857142857143
2025-05-27,4.0,9.0,12.0,3.2857142857142856,3.0,8.428571428571429
2025-05-28,6.0,11.0,51.0,3.857142857142857,4.142857142857143,12.142857142857142
2025-05-29,4.0,3.0,50.0,3.4285714285714284,4.142857142857143,17.857142857142858
2025-05-30,3.0,7.0,20.0,3.0,4.857142857142857,19.428571428571427
2025-05-31,2.0,2.0,0.0,3.0,5.142857142857143,19.285714285714285
2025-06-01,8.0,5.0,12.0,4.142857142857143,5.571428571428571,20.857142857142858
2025-06-02,16.0,6.0,38.0,6.142857142857143,6.142857142857143,26.142857142857142
2025-06-03,11.0,6.0,96.0,7.142857142857143,5.714285714285714,38.142857142857146
2025-06-04,13.0,8.0,97.0,8.142857142857142,5.285714285714286,44.714285714285715
2025-06-05,6.0,8.0,40.0,8.428571428571429,6.0,43.285714285714285
2025-06-06,7.0,2.0,13.0,9.0,5.285714285714286,42.285714285714285
2025-06-07,2.0,6.0,10.0,9.0,5.857142857142857,43.714285714285715
2025-06-08,3.0,2.0,5.0,8.285714285714286,5.428571428571429,42.714285714285715
2025-06-09,7.0,2.0,20.0,7.0,4.857142857142857,40.142857142857146
2025-06-10,10.0,8.0,29.0,6.857142857142857,5.142857142857143,30.571428571428573
2025-06-11,9.0,6.0,22.0,6.285714285714286,4.857142857142857,19.857142857142858
2025-06-12,7.0,2.0,33.0,6.428571428571429,4.0,18.857142857142858
2025-06-13,2.0,1.0,4.0,5.714285714285714,3.857142857142857,17.571428571428573
2025-06-14,0.0,0.0,0.0,5.428571428571429,3.0,16.142857142857142
2025-06-15,0.0,1.0,0.0,5.0,2.857142857142857,15.428571428571429
2025-06-16,7.0,10.0,25.0,5.0,4.0,16.142857142857142
2025-06-17,6.0,6.0,24.0,4.428571428571429,3.7142857142857144,15.428571428571429
2025-06-18,8.0,3.0,14.0,4.285714285714286,3.2857142857142856,14.285714285714286
2025-06-19,5.0,3.0,8.0,4.0,3.4285714285714284,10.714285714285714
2025-06-20,8.0,1.0,15.0,4.857142857142857,3.4285714285714284,12.285714285714286
2025-06-21,2.0,2.0,21.0,5.142857142857143,3.7142857142857144,15.285714285714286
2025-06-22,1.0,0.0,30.0,5.285714285714286,3.5714285714285716,19.571428571428573
2025-06-23,6.0,6.0,23.0,5.142857142857143,3.0,19.285714285714285
2025-06-24,8.0,4.0,30.0,5.428571428571429,2.7142857142857144,20.142857142857142
2025-06-25,4.0,6.0,48.0,4.857142857142857,3.142857142857143,25.0
2025-06-26,4.0,5.0,56.0,4.714285714285714,3.4285714285714284,31.857142857142858
